item,doc,source,summary,coherence,consistency,fluency,relevance
1,1,"Friedberg was born in South Africa. He moved with his family to Los Angeles, California, when he was six. In high school he led the environmental club ""Students H.O.P.E."" (Students Healing Our Planet Earth). At 16 he enrolled at Clarkson University in Potsdam, New York, worked in a pool hall, and learned to play poker. After a year in upstate New York he transferred to the University of California, Berkeley, where he held a part-time job doing mathematical modeling at the Lawrence Berkeley National Laboratory and earned a bachelor's degree in astrophysics in 2001. After several years in investment banking and private equity, Friedberg joined Google in March 2004 as one of the first 1,000 employees and a founding member of Google's Corporate Development group. As Corporate Development and Business Product Manager, Friedberg helped run Google's online advertising platform, AdWords, and negotiated acquisitions and worked with Google co-founder Larry Page. In 2006 he founded his first company, WeatherBill, to create and buy custom weather insurance online while still working at Google as a business product manager. He later recounted driving past the Bike Hut in San Francisco and watching sales slump on rainy days, which convinced him that weather created a major risk for small businesses. WeatherBill secured funding from Founders Fund, Khosla Ventures, Google Ventures, New Enterprise Associates, Index Ventures and Atomico. In 2011 Friedberg renamed WeatherBill as The Climate Corporation. The Climate Corporation offered farmers weather insurance and the climate.com service to help them track, analyze, and make field-specific decisions to improve agricultural outcomes. On 5 October 2011 Friedberg delivered his Entrepreneurship Gives Life Meaning lecture at Stanford. In October 2013, Monsanto announced that it was acquiring The Climate Corporation for about $1.1 billion. Friedberg joined Monsanto's Executive Team after the acquisition and in 2016 shifted to an advisory role. Friedberg founded the car insurance firm Metromile in 2011 and served as its chairman during its early years. In 2014 he purchased Canadian quinoa supplier NorQuin, then North America's largest producer. Above Food Corp. acquired NorQuin in 2022 and appointed Friedberg to its Innovation Advisory Council. Friedberg is a supporter of Donald Trump. In July 2025, the All-In Podcast did an interview with Treasury Secretary Scott Bessent at the White House, which Friedberg described as ""one of the best days of my life."" In 2026, Friedberg was appointed to the President's Council of Advisors on Science and Technology (PCAST) by President Donald Trump. In 2016 Friedberg began speaking with Larry Page about building and financing startups focused on food, agriculture, decarbonization, and life sciences. Through Alphabet Page agreed to finance a holding company that Friedberg would operate. Friedberg founded The Production Board (TPB) later that year. TPB partners with scientists, business leaders, and entrepreneurs to address challenges such as climate change. Its portfolio includes Pattern Ag, Ohalo, Culture Biosciences, Triplebar Bio, Supergut, and Cana. In July 2021, Friedberg announced that The Production Board raised $300 million from Alphabet, Baillie Gifford, Allen & Co., BlackRock, Koch Disruptive Technologies and Morgan Stanley's Counterpoint Global. Ohalo Genetics, a plant breeding company incubated by The Production Board in 2019, develops breeding systems and new crop varieties intended to raise yields while using fewer natural resources. In November 2023 Friedberg became the company's full-time chief executive after helping found the venture. Under Friedberg Ohalo promotes a platform it calls ""Boosted Breeding"", which uses gene editing and quantitative genomics to control inheritance during reproduction. The firm states that the approach can produce polyploid offspring that retain the full genomes of both parents and can shorten breeding cycles across major crops. In 2024 AgFunderNews reported that Ohalo had raised a little over $100 million, was developing programs in crops including potato, and planned to partner with seed companies on additional crops. Friedberg co-hosts the All-In business and investment podcast with Chamath Palihapitiya, David O. Sacks, and Jason Calacanis. Friedberg is a lifelong vegetarian.",Friedberg was born in South Africa and moved to California when he was six . He was a member of Google's Corporate Development and Business,,,,
2,1,(same as above),"Friedberg was born in South Africa and moved to Los Angeles, California, when he was six . He joined Google in 2004 as one of the first 1,000 employees and a founding member of Google's Corporate Development group . Friedberg is a lifelong vegetarian and a supporter of Donald Trump .",,,,
3,1,(same as above),"Friedberg was born in South Africa and moved with his family to Los Angeles, California, when he was six. In high school he led the environmental club ""Students H.O.P.E."" (Students Healing Our Planet Earth) Friedberg joined Google in March 2004 as one of the first 1,000 employees and a founding member of Google's Corporate Development group. He founded his first company, WeatherBill, to create and buy custom weather insurance online while still working at Google as a business product manager.",,,,
4,1,(same as above),"Friedberg was born in South Africa. He moved with his family to Los Angeles, California, when he was six. In high school he led the environmental club ""Students H.O.P.E.""",,,,
5,1,(same as above),"After several years in investment banking and private equity, Friedberg joined Google in March 2004 as one of the first 1,000 employees and a founding member of Google's Corporate Development group. Friedberg joined Monsanto's Executive Team after the acquisition and in 2016 shifted to an advisory role. In 2026, Friedberg was appointed to the President's Council of Advisors on Science and Technology (PCAST) by President Donald Trump.",,,,
6,2,"Jeremiah Knight was born on January 12, 1999, the youngest of six children of John and Dana Knight. He attended Jefferson Area High School in Jefferson, Ohio, where he was a four-year letterwinner and three-year starting running back on the football team. As a freshman in 2013, Knight rushed for 735 yards and caught 13 passes for 144 yards in seven games, earning first-team all-county accolades. He then rushed for 1,317 yards and 13 touchdowns as a sophomore and was named the Ashtabula County Offensive Player of the Year before he rushed for 1,593 yards and 21 touchdowns in his junior season, repeating as County Offensive Player of the Year in addition to earning third-team all-state honors. As a senior in 2016, Knight rushed for 2,233 rushing yards and 23 touchdowns on 11 yards per carry, marking the first 2,000-yard rushing season in county history. He recorded six 200-yard rushing games, including four in a row, and became a defensive starter at cornerback and safety, tallying 12 pass break-ups in 10 games. Knight was named the County Player of the Year, the District Player of the Year, and a first-team all-state honoree. He finished his career as the all-time leading rusher in county history with 5,850 rushing yards and 66 rushing touchdowns. In addition to football, Knight was a four-year letterman in track and field. Knight was rated as a two-star recruit by 247Sports. He received walk-on offers from programs such as Dayton, Eastern Kentucky, Marshall, Middle Tennessee and Youngstown State, and at one point was verbally committed to Dayton. Knight was offered a preferred walk-on spot at Ohio State in November 2016, and he flipped his commitment to the Buckeyes the following month. ""It's always been my dream school,"" said Knight. ""Ever since I was like 3 or 4 years old, ever since I've been playing football, I've wanted to play at Ohio State, it's been my goal. All the hard work I've done has been to be a Division I athlete, but really more like an D-I athlete for Ohio State."" Knight enrolled at Ohio State University and joined the Buckeyes in 2017 as a preferred walk-on. However, after tearing his ACL doing non-contact drills in training camp, he underwent surgery and took a medical redshirt. ""It was tough at first, but I know God has a plan,"" said Knight. ""I accepted it and started working harder."" He also made the switch to wide receiver, modeling his game after Julian Edelman, who had switched from quarterback to receiver in the NFL. After evaluating his opportunities at Ohio State as a walk-on with an ACL injury, Knight requested his release from the program after spring practices. ""I began thinking I could be more effective at a MAC school. And I'd have the chance to play right away,"" he said. Knight received interest from a coach at Akron and committed to the Zips the day after visiting the school in May. As a redshirt freshman in 2018, he recorded nine receptions for 129 yards in 10 games. All nine catches came in the final three games, two of which he started at wide receiver. In his first start against Ohio, Knight made four catches for 94 yards. He was also the team's top kick returner with 245 yards on 16 returns, and top punt returner, with 142 yards and one touchdown on 11 returns. Knight scored his first career touchdown on a 70-yard punt return against Eastern Michigan, which was the longest by an Akron player that season. He was given the Harry ""Doc"" Smith Award for the team's most outstanding freshman on offense. Ahead of his redshirt sophomore season in 2019, Knight was named preseason first-team All-MAC by Phil Steele and second-team All-MAC by Athlon Sports. He was also awarded a scholarship. Knight made six starts in 12 games played and paced the team with 833 all-purpose yards.","He then rushed for 1,317 yards and 13 touchdowns as a sophomore and was named the Ashtabula County Offensive Player of the Year before he rushed for 1,593 yards and 21 touchdowns in his junior season, repeating as County Offensive Player of the Year in addition to earning third-team all-state honors. Knight was offered a preferred walk-on spot at Ohio State in November 2016, and he flipped his commitment to the Buckeyes the following month. Knight enrolled at Ohio State University and joined the Buckeyes in 2017 as a preferred walk-on.",,,,
7,2,(same as above),"Jeremiah Knight was born on January 12, 1999, the youngest of six children of John and Dana Knight . He was a four-year letterwinner and three-year starting running back on the football team . As a freshman in 2013, Knight rushed for 735 yards and caught 13 passes for 144 yards in seven games . He rushed for",,,,
8,2,(same as above),Jeremiah Knight was a four-year letterwinner and three-year starting running back on the football team . He was named the Asht,,,,
9,2,(same as above),"Jeremiah Knight is a four-year letterwinner and three-year starting running back on the football team. He rushed for 2,233 rushing yards and 23 touchdowns on 11 yards per carry as a senior in 2016. Knight was rated as a two-star recruit by 247Sports. He joined the Buckeyes in 2017 as a preferred walk-on.",,,,
10,2,(same as above),"Jeremiah Knight was born on January 12, 1999, the youngest of six children of John and Dana Knight. He attended Jefferson Area High School in Jefferson, Ohio, where he was a four-year letterwinner and three-year starting running back on the football team. As a freshman in 2013, Knight rushed for 735 yards and caught 13 passes for 144 yards in seven games, earning first-team all-county accolades.",,,,
11,3,"Linear inverse problems are ubiquitous across many imaging domains, pervading areas such as astronomy , medical imaging , and seismology . In these problems the goal is to reconstruct an unknown image from observed measurements of the form: (1) where with is a linear operator that degrades the clean image , and the additive noise is drawn from a known distribution. In this work, we assume the noise follows . Due to the under-constrained nature of such problems, they are typically ill-posed, i.e., there are an infinite number of undesirable images that fit to the observed measurements. Hence, one requires further structural information about the underlying images, which constitutes our prior. With the advent of large generative models , there has been a surge of interest in exploiting generative models as priors to solve inverse problems. Given a pretrained generator to sample from a distribution or grant access to image probabilities, one can solve a variety of inverse problems in a task- or forward model-agnostic fashion, without the need for large-scale supervision . This has been successfully done for a variety of models, including implicit generators such as Generative Adversarial Networks (GANs) and Variational Autoencoders (VAEs) , invertible generators such as Normalizing Flows , and more recently Diffusion models . A recent paradigm in generative modeling , based on the concept of flow matching , has made significant strides in scaling ODE-based generators to high-resolution images. Flow matching models map a simple base distribution, such as a Gaussian, to a complex, high-dimensional data distribution by defining a flow field that represents the transformation between these distributions. These generative models have demonstrated scalability to high dimensions, forming the backbone of several state-of-the-art generative models . Moreover, flow matching models follow straighter and more direct probability paths compared to diffusion models, allowing for more efficient and faster sampling . Additionally, due to their invertibility, flow matching models provide direct access to image likelihoods through the instantaneous change-of-variables formula . Given these advantages and the relatively recent application of these models to inverse problems , we investigate their use as image priors in this work. Leveraging knowledge about the corruption process and a natural image prior , the Bayesian approach suggests analyzing the image reconstruction posterior to solve the inverse problem . A proven and effective method based on this approach is maximum-a-posteriori (MAP) estimation , which maximizes the posterior to identify the image most likely to match the observed measurements: argmin x ∈ ℝ n − log p ( x | y ) = argmin x ∈ ℝ n − log p ( y | x ) − log p ( x ) . \displaystyle\mathop{\mathrm{argmin}}_{x\in\mathbb{R}^{n}}-\log p(x|y)=\mathop{\mathrm{argmin}}_{x\in\mathbb{R}^{n}}-\log p(y|x)-\log p(x). (2) MAP estimation provides a single, most probable point estimate of the posterior distribution, making it simple and interpretable. This deterministic approach ensures consistency and reproducibility, which are essential in applications requiring reliable outcomes, particularly in compressed sensing tasks such as Computed Tomography (CT) and Magnetic Resonance Imaging (MRI) . While posterior sampling methods can offer diverse reconstructions to quantify uncertainty, they can be prohibitively slow in high-dimensions . Hence, in this work, we propose to integrate flow priors to solve linear inverse problems by MAP estimation. A significant challenge in employing flow priors for MAP estimation lies in the slow computation of the image probabilities, as it requires backpropagating through an ODE solver . In this work, we show how one can address this challenge via Iterative Corrupted Trajectory Matching (ICTM), a novel algorithm to approximate the MAP solution in a computaionally efficient manner. In particular, we show how one can approximately find an MAP solution by sequentially optimizing a novel simpler, auxillary objective that approximates the true MAP objective in the limit of infinite function evaluations. For finite evaluations, we demonstrate that this approximation is sufficient to optimize by showcasing strong empirical performance for flow priors across a variety of linear inverse problems.","Linear inverse problems are ubiquitous across many imaging domains, pervading areas such as astronomy , medical imaging , and seismology . In these problems the goal is to reconstruct an unknown image from observed measurements of the form: (1) where with is a linear operator that degrades the clean image , and the additive noise is drawn from a known distribution. In this work, we assume the noise follows .",,,,
12,3,(same as above),"Linear inverse problems are ubiquitous across many imaging domains, pervading areas such as astronomy, medical imaging, and seismology . In these problems the goal is to reconstruct an unknown image from observed measurements of the form: (1) where with is a linear operator that degrades the clean image, and the additive noise is drawn from",,,,
13,3,(same as above),"Linear inverse problems are ubiquitous across many imaging domains, pervading areas such as astronomy, medical imaging and seismology. With the advent of large generative models, there has been a surge of interest in exploiting these models as priors to solve inverse problems. A proven and effective method based on this approach is maximum-a-posteriori (MAP) estimation.",,,,
14,3,(same as above),"In these problems the goal is to reconstruct an unknown image from observed measurements of the form: (1) where with is a linear operator that degrades the clean image , and the additive noise is drawn from a known distribution. With the advent of large generative models , there has been a surge of interest in exploiting generative models as priors to solve inverse problems. Given these advantages and the relatively recent application of these models to inverse problems , we investigate their use as image priors in this work.",,,,
15,3,(same as above),"Linear inverse problems are ubiquitous across many imaging domains, including astronomy, medical imaging and seismology . In these problems the goal is to reconstruct",,,,
16,4,"Time series forecasting is a relevant problem with vast real-world applications. Increasingly, deep neural networks are emerging as effective alternatives to well-established approaches such as ARIMA or exponential smoothing . Neural architectures such as NHITS , N-BEATS , or ES-RNN , have recently exhibited state-of-the-art forecasting performance in benchmark datasets and competitions. It is widely accepted that deep neural networks demand substantial data volumes to achieve effective generalization . However, time series datasets often present data scarcity challenges, either having a limited number of time series or containing series with few observations. In effect, a sufficiently large dataset may not be readily available for training deep learning models. In such data-scarce scenarios, synthetic time series generation techniques can be used to increase the sample size. Various data generation methods have been developed for time series, ranging from simple approaches such as jittering to more sophisticated techniques involving pattern mixing (averaging multiple time series) or generative models . This work addresses univariate time series forecasting problems with datasets containing multiple time series. In these problems, data augmentation processes have been shown to improve forecasting performance of recurrent-based neural networks . In forecasting problems, data augmentation is typically conducted offline before training a model (e.g. ). A synthetic dataset is created and combined with the original data, leading to an augmented training set. This augmented dataset is larger and more diverse, thereby improving the performance of models. However, offline data augmentation has limitations. When training with mini-batches, some batches may contain a disproportionate number of synthetic samples that do not align well with the original data characteristics, potentially misleading the learning process. Additionally, storing and loading a large augmented dataset in memory can be computationally demanding. To address these limitations, we propose an online data augmentation framework that generates synthetic samples during training. This approach fits naturally with the iterative nature of neural network training, where parameters are updated using mini-batches of data. By creating synthetic samples for each batch alongside their original counterparts, we maintain a balanced representation between real and synthetic data throughout the training process. This balanced representation helps prevent the model from overfitting spurious patterns created during the augmentation process, thereby improving forecasting accuracy. The framework is agnostic to both the augmentation method and neural network architecture, making it widely applicable. Moreover, this approach eliminates the need to store a large augmented dataset by generating synthetic samples online. While online data augmentation has been explored in speech recognition and computer vision problems , time series forecasting presents unique challenges due to its temporal nature and the need to preserve complex patterns such as trends and seasonality. Our work is, to our knowledge, the first application of online data augmentation in this context, demonstrating its effectiveness for forecasting tasks. We validate the proposed method using 3797 time series from 6 benchmark datasets. The results of the experiments suggest that online data augmentation leads to better forecasting performance relative to several offline data augmentation variants or training models without augmentation. In summary, the contributions of this work are the following: • A novel framework for online data augmentation for training univariate time series forecasting models using deep learning; • An empirical study comparing the proposed framework across three neural architectures (MLP , NHITS , and KAN ), seven synthetic data generation techniques (from simple transformations to sophisticated pattern mixing approaches), and different training strategies including offline and online data augmentation approaches. A novel framework for online data augmentation for training univariate time series forecasting models using deep learning; An empirical study comparing the proposed framework across three neural architectures (MLP , NHITS , and KAN ), seven synthetic data generation techniques (from simple transformations to sophisticated pattern mixing approaches), and different training strategies including offline and online data augmentation approaches. All methods are implemented using the neuralforecast Python library, which is based on PyTorch.","Time series forecasting is a relevant problem with vast real-world applications. Increasingly, deep neural networks are emerging as effective alternatives to well-established approaches such as ARIMA or exponential smoothing . Neural architectures such as NHITS , N-BEATS , or ES-RNN , have recently exhibited state-of-the-art forecasting performance in benchmark datasets and competitions.",,,,
17,4,(same as above),"While online data augmentation has been explored in speech recognition and computer vision problems , time series forecasting presents unique challenges due to its temporal nature and the need to preserve complex patterns such as trends and seasonality. In summary, the contributions of this work are the following: • A novel framework for online data augmentation for training univariate time series forecasting models using deep learning; • An empirical study comparing the proposed framework across three neural architectures (MLP , NHITS , and KAN ), seven synthetic data generation techniques (from simple transformations to sophisticated pattern mixing approaches), and different training strategies including offline and online data augmentation approaches. A novel framework for online data augmentation for training univariate time series forecasting models using deep learning; An empirical study comparing the proposed framework across three neural architectures (MLP , NHITS , and KAN ), seven synthetic data generation techniques (from simple transformations to sophisticated pattern mixing approaches), and different training strategies including offline and online data augmentation approaches.",,,,
18,4,(same as above),"Time series forecasting is a relevant problem with vast real-world applications. Data augmentation processes have been shown to improve forecasting performance of recurrent-based neural networks. We propose an online data augmentation framework that generates synthetic samples during training. This approach fits naturally with the iterative nature of neural network training, where parameters are updated using mini-batches.",,,,
19,4,(same as above),"Deep neural networks are emerging as effective alternatives to well-established approaches such as ARIMA or exponential smoothing . In forecasting problems, data augmentation is typically conducted offline before training a model . A synthetic dataset is created and combined with the original data, leading to an augmented training set . This augmented dataset is larger and more diverse",,,,
20,4,(same as above),Time series forecasting is a relevant problem with vast real-world applications . It is widely accepted that deep neural networks demand substantial data volumes to achieve,,,,
21,5,"Mathieu was born in Tournus, Saône-et-Loire. In the 1950s, Mathieu began studying to become an éducatrice spécialisée (special needs teacher) under Father Henri Bissonnier. He was one of the few priests to consider the question of religious education for young people suffering from a mental disability, and went so far as to develop a new catechism for them. At the end of her course, Father Henri asked her to work with him, a collaboration that would last for around twenty years. In 1956, Mathieu was elected President of the French Christian Association of special needs teachers, for whom she founded the magazine Educateurs spécialisés (""Special Needs Teachers""). In 1957, during a retreat at Chateauneuf de Galaure (in the Drôme region of France), where Father Finet was preaching, she met Marthe Robin, founder of the Foyers de Charité. Robin, who was paralysed and practically blind, was very close to children with disabilities and their families. She would become an advisor and friend to Mathieu, and her support was invaluable in the birth of the Office chrétien des personnes handicapées (OCH, ""Christian Foundation for Disabled People""). In 1963 Mathieu founded the OCH. The association aims to support families, encourage a response to their distress and offer them new hope, particularly through the introduction of a permanent place of welcome and financial support for Christian associations and establishments. In 1968, alongside the lectures and meetings, Marie-Hélène Mathieu created Ombres et Lumière (Shadows and Light), the OCH magazine aimed at people with disabilities, their families and friends. That same year, faced with the suffering of the parents of two children with serious disabilities who had felt marginalised at Lourdes, she launched a remarkable pilgrimage to Lourdes with Jean Vanier for people with mental disabilities and their families and friends. At Easter 1971, this pilgrimage gathered together 12,000 people from 15 countries, including 400 people with a mental disability. From this extraordinary gathering, the international movement of Faith and Light was born, a movement which today numbers more than 1,508 communities in 80 countries. In addition to OCH and Faith and Light, Mathieu was involved in creating the Simon de Cyrène Foundation for people who have suffered a severe head injury. She is also one of the founders of Relais Lumière Espérance, which is aimed at close friends and relatives of people suffering from mental illness, as well as the Groupe de liaison Saint Joseph, which twice a year brings together around twenty organisations working to found and support Christian homes for adults with mental disabilities. In the same spirit, the Pierre-François Jamet working and communion group, which she launched with Xavier Le Pichon , enables around thirty small communities to meet, and supports them in their care for people suffering from psychological distress. Mathieu was appointed by Pope John-Paul II to the Pontifical Council for the Laity (1984 – 1989) and as an expert for the Holy See at the Council of Europe. She is the first woman to have given a Lent address at Notre-Dame de Paris (in 1988). Pope Benedict XVI appointed her auditor to the synod on the Eucharist (2005). When I was a child there was a girl in my class called Alice, who was very marginalised. One day when we had been particularly cruel and she was crying, I sensed the suffering behind her sorrowful face. I would have liked to have consoled her.... Or one day to console other people like her in their distress. Alice unwittingly guided me towards a school for special needs teachers. Through my studies I was able to meet Father Bissonnier, the pioneer of a new form of catechism adapted to people with disabilities. My work with him helped me discover, beyond appearances, the uniqueness of the individual, who is loved by God and called to share His glory.","Mathieu was born in Tournus, Saône-et-Loire, France, in the 1950s . She was a",,,,
22,5,(same as above),"Mathieu was born in Tournus, Saône-et-Loire, France, in the 1950s . In 1956, Mathieu was elected President of the French Christian Association of special needs teachers . She founded the magazine Educateurs spécialisés (Special Needs Teachers) In 1963 Mathieu founded the OCH",,,,
23,5,(same as above),"Marie-Hélène Mathieu was born in Tournus, Saône-et-Loire. In the 1950s she began studying to become a special needs teacher. In 1963 she founded the Office chrétien des personnes handicapées. In 1971 she launched a pilgrimage to Lourdes for people with mental disabilities.",,,,
24,5,(same as above),"Mathieu was born in Tournus, Saône-et-Loire. In the 1950s, Mathieu began studying to become an éducatrice spécialisée (special needs teacher) under Father Henri Bissonnier. He was one of the few priests to consider the question of religious education for young people suffering from a mental disability, and went so far as to develop a new catechism for them.",,,,
25,5,(same as above),"She would become an advisor and friend to Mathieu, and her support was invaluable in the birth of the Office chrétien des personnes handicapées (OCH, ""Christian Foundation for Disabled People""). That same year, faced with the suffering of the parents of two children with serious disabilities who had felt marginalised at Lourdes, she launched a remarkable pilgrimage to Lourdes with Jean Vanier for people with mental disabilities and their families and friends. She is also one of the founders of Relais Lumière Espérance, which is aimed at close friends and relatives of people suffering from mental illness, as well as the Groupe de liaison Saint Joseph, which twice a year brings together around twenty organisations working to found and support Christian homes for adults with mental disabilities.",,,,
26,6,"The importance of alphabet size has recently come to the forefront of the sequence design research community . The foundation and theoretical development on the research of signaling alphabets have been done long ago in 1952 . The authors found that the Shannon capacity (C), which is given by where is the bandwidth of the channel, is the signal power, and is the noise power, cannot be achieved without using a flexible choice of alphabets in the data bits. For binary channels, the channel capacity is given by where is the probability of error of a data bit. To elaborate more, the authors showed that for an alphabet with , one can achieve a rate higher than , where with a suitable choice of alphabet. The analogous argument also holds true for non-binary channels. The corresponding value of for non-binary channel is given by where is the number of digits used to construct a letter of the alphabet, and the probability of error of each digit is set to be . In fact, considering an additive white Gaussian noise (AWGN)-channel , the authors in have explicitly constructed different alphabets, which produces good efficiency plot of information-rate vs. signal-to-noise ratio (SNR) or probability of error. There are two notions of alphabets in information theory. The one we have already discussed is the set of data symbols to be transmitted via the wireless channel through proper encoding. The second notion that fits in the sequence design aspect is related to the construction of sequences for spread-spectrum communications. For spreading sequences, the number of digits, which was for the first case, is known as alphabet size, and we distinguish it with the notation ( is a natural number). In spread spectrum systems, such as multi-carrier code division multiple access (MC-CDMA), the data is modulated according to the spreading sequence before transmission. The alphabet size plays the role of making the sequence elements uni-modular, explicitly saying, -th roots of unity. The use of spreading sequences started with the famous Golay complementary pair (GCP) , which shows the ideal aperiodic auto-correlation function (AACF) sum property. Ever since its discovery, it has been widely used in modern telecommunication systems, as the AACF property is suitable for interference-free signal detection in radar , reduction of peak-to-mean envelope power ratio (PMEPR) in orthogonal frequency division multiplexing (OFDM) system , etc. But, as there are practical limits on how many such Golay sequences can be obtained, Tseng and Liu proposed the concept of the Golay complementary set (GCS), which holds the same ideal AACF sum property but with more than sequences . Till date, there have been many constructions of GCSs of variable lengths and alphabet sizes, both with direct methods, i.e., function-based, and indirect methods, i.e., initial sequence-based. The direct methods can be found in , and the indirect ones in . The problem with these direct constructions is that they are mostly even-phased, except . Although offers more flexibility in the alphabet size for the sequence elements, it depends on the GCS length. Considering these limitations, in this paper, we propose a function-based direct construction of GCSs with the length and alphabet size chosen arbitrarily and independently. The rest of the paper is organized as follows: Section II describes the useful definitions and tools for the construction. The main construction is proposed in Section III. The conclusion is drawn in Section IV.","The importance of alphabet size has recently come to the forefront of the sequence design community. For an alphabet with , one can achieve a rate higher than , where with a suitable choice of alphabet. In spread spectrum systems, such as multi-carrier code division multiple access (MC-CDMA), the data is modulated according to the spreading sequence.",,,,
27,6,(same as above),"The importance of alphabet size has recently come to the forefront of the sequence design community . The foundation and theoretical development on the research of signaling alphabets have been done long ago in 1952 . The authors found that the Shannon capacity (C) is the signal power, and is the noise power, cannot be achieved without using a flexible",,,,
28,6,(same as above),"The Shannon capacity (C) is the signal power, and is the noise power . For binary channels, the channel capacity is given by where",,,,
29,6,(same as above),"The authors found that the Shannon capacity (C), which is given by where is the bandwidth of the channel, is the signal power, and is the noise power, cannot be achieved without using a flexible choice of alphabets in the data bits. The corresponding value of for non-binary channel is given by where is the number of digits used to construct a letter of the alphabet, and the probability of error of each digit is set to be . For spreading sequences, the number of digits, which was for the first case, is known as alphabet size, and we distinguish it with the notation ( is a natural number).",,,,
30,6,(same as above),"The importance of alphabet size has recently come to the forefront of the sequence design research community . The foundation and theoretical development on the research of signaling alphabets have been done long ago in 1952 . The authors found that the Shannon capacity (C), which is given by where is the bandwidth of the channel, is the signal power, and is the noise power, cannot be achieved without using a flexible choice of alphabets in the data bits.",,,,
31,7,"The company started with the children of brass musician and German-born Johannes 'John' (1834–10 July 1880) and his English-born wife Sarah Wirth: John James. He died 16 April 1894, aged 35, at Burghersdorf, South Africa, where the company was performing; Harry, who could do a double somersault over a row of fixed bayonets. Harry died 19 July 1896, aged 36 while near Hong Kong on the SS Kwang Lee, from sunstroke. He left a wife and three children; Philip Peter Jacob (26 June 1864 – 29 August 1937, aged 73), ringmaster, acrobat, animal trainer, musician. He married twice, and had seven children. Wirth built a two-storey Federation mansion, Ocean View in 1915 at Coogee, NSW; George (30 July 1867 – 16 October 1941, aged 74), ringmaster, acrobat, animal trainer, musician. He married Margaret Bain, but had no children, and retired from the circus in 1930 having built Margworth from 1926, a £30,000 waterfront mansion with ballroom beside Carthona in Darling Point (sold 1935 to Oliver Triggs); Mary Elizabeth Victoria 'Marizles' (1868–1948, aged 80), an equestrienne, remembered as the 'Grant old Lady of the Circus', who died in New York on 31 March 1948; Mina; and Madeline. The parents had arrived in Australia in 1855, worked as itinerant musicians, including with Ashton's Circus. Commencing as a small travelling band of the Wirth family members, getting their first tent and performing under canvas in Sydney in 1880, they had formed a small circus by 1882. Established in Ballarat, the brothers first provincial tour commenced from Ararat in 1885, and Adelaide their first capital. Shortly after, the circus went to Nouméa. Their bitter rivals were the FitzGerald Brothers Circus, although this subsided in 1906 of the death of the FitzGerald brothers: Dan (1859–Saturday 3 February 1906, aged 45) and Tom (died on Friday 27 April 1906, aged 40). At this time, the Wirths acquired the FitzGeralds' circus. Philip Wirth's children, Eileen, Doris, Madelaine, Phillip, George, and Marizles 'Rillie' (died 1988), continued to run the circus until its closure in May 1963. Although the Bullen Brothers circus competition started impacting the family operation, the decline of the circus was principally attributed to rising transport costs and the introduction of television. With the Australian banking crisis of 1893, the Wirths went on a seven-year overseas tour. While giving a performance in October 1895 at Mount Video, Uruguay, the Politeama Theatre burnt down and was completely destroyed. Returning to South Africa, they found the Second Boer War in progress, but made their neutrality clear; but on one occasion, the circus train narrowly missed demolition as the Boers were about to blow a bridge over the Modder River. While Philip Wirth was a ringmaster standing 6 feet (1.8 m) tall and weighing 14 stone (200 lb; 89 kg), he was also an expert horse trainer. In 1893 in South Africa, he trained a gnu to ride on the back of a horse, and broke and trained six zebras, which according to Wirth, The Bible allegedly said to be the only animal that could not be trained. When in South America in 1895, he trained two wild mustangs to waltz together. In another instance, a pony would enter the ring dressed as a woman, undress, put on a nightgown, blow out a candle and get into bed; teaching all done without cruelty, but patience and some sugar. With an extending family and adopting family members, the troupe undertook significant world tours additional to travelling extensively by horse-drawn wagon and special trains around Australia. In 1901 May Wirth (1894–1978) became the adopted daughter of Mary, to become ""greatest bareback riding star"". She later was inducted in 1963 into the Circus Hall of Fame. Renown wrestler Buttan Singh performed with the company in the early 1900s, billed as one of the 'champion Hindu wrestlers of Australia'. The 1903 programme, in a tent that held 400 people comfortably, with electric light, included: wild animal performance by Mons.","The Wirths started with the children of brass musician and German-born Johannes 'John' (1834–10 July 1880) and his English-born wife Sarah Wirth: John James . He left a wife and three children; Philip Peter Jacob (26 June 1864 – 29 August 1937, aged 73), ringmaster",,,,
32,7,(same as above),"The company started with the children of brass musician and German-born Johannes 'John' (1834–10 July 1880) and his English-born wife Sarah Wirth: John James. He died 16 April 1894, aged 35, at Burghersdorf, South Africa, where the company was performing; Harry, who could do a double somersault over a row of fixed bayonets. Harry died 19 July 1896, aged 36 while near Hong Kong on the SS Kwang Lee, from sunstroke.",,,,
33,7,(same as above),"He married Margaret Bain, but had no children, and retired from the circus in 1930 having built Margworth from 1926, a £30,000 waterfront mansion with ballroom beside Carthona in Darling Point (sold 1935 to Oliver Triggs); Mary Elizabeth Victoria 'Marizles' (1868–1948, aged 80), an equestrienne, remembered as the 'Grant old Lady of the Circus', who died in New York on 31 March 1948; Mina; and Madeline. Commencing as a small travelling band of the Wirth family members, getting their first tent and performing under canvas in Sydney in 1880, they had formed a small circus by 1882. In 1893 in South Africa, he trained a gnu to ride on the back of a horse, and broke and trained six zebras, which according to Wirth, The Bible allegedly said to be the only animal that could not be trained.",,,,
34,7,(same as above),The Wirths started with the children of brass musician and German-born Johannes 'John' and his English-born wife Sarah Wirth,,,,
35,7,(same as above),"The Wirth circus was founded in 1882 in Ballarat, Australia. The company was run by Philip Wirth, ringmaster, acrobat, animal trainer, and musician. The circus closed in 1963 due to rising transport costs and the introduction of television. Wirth's children, Eileen, Doris, Madelaine, Phillip, George, and Marizles 'Rillie' continued to run the circus.",,,,
36,8,"A term used to refer to the preadolescent stage in everyday speech is tween and its perhaps older variants tweenie, tweeny, tweenager, preteen and tweener. It is a blend (portmanteau) of the words ""teen"" and ""between"" in the sense of ""between childhood and adolescence"" and refers to 9- to 12-year-olds. Sometimes the terms tweenie and tweenager are used to differentiate between older (10 to 15) and younger (7 to 11) age groups, respectively. While known as preadolescent in psychology, the terms preteen or tween are common in everyday use. A preteen or preteenager is a person below 13 years of age. Generally, the term is restricted to those close to reaching age 13, especially ages 9 to 12. Tween is an American neologism and marketing term for preteen, which is a blend of between and teen. People within this age range are variously described as tweens, preadolescents, tweenies, preteens, pubescents, middle schoolers, or tweenagers. A junior high school can sometimes be confused with a middle school. Though serving a similar purpose in bridging a gap between elementary school and high school, a junior high school typically serves 7th to 9th grade students, whereas a middle school serves 6th to 8th grade students. Therefore, middle schools serve a slightly younger demographic, more befitting of preadolescents, while junior high schools typically serve young adolescents. Being prepubescent is not the same thing as being preadolescent. Instead, prepubescent (and sometimes child) is a term for boys and girls who have not developed secondary sex characteristics, while preadolescent is generally defined as those ranging from age 9 to 12 years. Preadolescence may also be defined as the period from 10 to 13 years. The point at which a child becomes an adolescent is defined by the major onset of puberty. However, in some individuals (particularly females), puberty begins in the preadolescence years. Studies indicate that the onset of puberty has been one year earlier with each generation since the 1950s. One can also distinguish middle childhood and preadolescence – middle childhood from approximately 5–8 years, as opposed to the time children are generally considered to reach preadolescence. There is no exact agreement as to when preadolescence starts and ends. Early puberty begins as the result of the initiation of the pulsatile gonadotropin-releasing hormone (GnRH) secretion by the hypothalamus; the exact mechanism of this initiation is currently unknown and remains under investigation. Pulsatile GnRH secretion results in the pulsatile secretions of gonadotropins Luteinizing Hormone (LH) and Follicle Stimulating Hormone (FSH), which act on the gonads (ovaries in females or testicles in males) to cause increase secretion of sex steroids. In females, the predominant sex steroid released is estrogen and in males, the predominant sex steroid released is testosterone. These sex hormones then lead to the development of secondary sex characteristics. The stages of puberty can be described with the Tanner scale, also known as the Sexual Maturity Rating, which incorporates measurements and characteristics of primary and secondary sex characteristics. For example, genital and breast development, as well as pubic hair growth. Pubertal development is regulated by the hypothalamic-pituitary-gonadal (HPG) axis. Tanner staging ranges from 1 through 5 (with 5 being the most developed). With regard to pubic hair development, the scale goes as follows: Stage 1-no hair; 2-downy hair; 3-scant terminal hair; 4-terminal hair overlying the pubic triangle; 5-terminal hair extending to the thigh. With regard to male genitalia development, the scale goes as follows: 1-testes at the same size and proportion of early childhood; 2-enlargement of the scrotum/change in texture of scrotal skin; 3-growth of the penis length-wise; 4-growth of the penis in terms of length and circumference; 5-adult-sized genitalia. With regard to female breast development, the scale is as follows: 1-no palpable gland tissue; 2-palpable breast bud under areola; 3-breast tissue palpable outside of areola; 4-areola elevated above breast contour; 5-areolar mound recedes into single breast contour.","A preteen or preteenager is a person below 13 years of age . The term is restricted to those close to reaching age 13,",,,,
37,8,(same as above),"It is a blend (portmanteau) of the words ""teen"" and ""between"" in the sense of ""between childhood and adolescence"" and refers to 9- to 12-year-olds. Instead, prepubescent (and sometimes child) is a term for boys and girls who have not developed secondary sex characteristics, while preadolescent is generally defined as those ranging from age 9 to 12 years. With regard to male genitalia development, the scale goes as follows: 1-testes at the same size and proportion of early childhood; 2-enlargement of the scrotum/change in texture of scrotal skin; 3-growth of the penis length-wise; 4-growth of the penis in terms of length and circumference; 5-adult-sized genitalia.",,,,
38,8,(same as above),"A term used to refer to the preadolescent stage in everyday speech is tween and its perhaps older variants tweenie, tweeny, tweenager, preteen and tweener. It is a blend (portmanteau) of the words ""teen"" and ""between"" in the sense of ""between childhood and adolescence"" and refers to 9- to 12-year-olds. Sometimes the terms tweenie and tweenager are used to differentiate between older (10 to 15) and younger (7 to 11) age groups, respectively.",,,,
39,8,(same as above),"Tween is an American neologism and marketing term for preteen, which is a blend of preteen and tween . The term is used to differentiate between older (10 to 15) and younger (7 to 11) age groups . A preteen or preteenager is a person below 13 years of age .",,,,
40,8,(same as above),"Tween is an American neologism and marketing term for preteen, which is a blend of between and teen. Preadolescence may also be defined as the period from 10 to 13 years. The stages of puberty can be described with the Tanner scale, also known as the Sexual Maturity Rating.",,,,
41,9,"Shakib Khan as Antu aka Bir Shabnom Bubly as Helena Hridoy Islam as Abir Misha Sawdagor as Dilu Bepari Nana Shah as Abul Kalam Munshi aka Khuinna Kalam Sadek Bacchu Shabnam Parvin Shiba Shanu Kazi Hayat as Sazzad Chowdhury (Special Appearance) Shakib Khan was contracted for the film Bir on September 26, 2018, when Mohammad Iqbal was supposed to produce the film. Later, succession of Hero: The Superstar in 2014 and Password in 2019, On 23 June 2019 Shakib Khan announced the production of four films together with Bir from his own production company SK Films. The film marked the 50th directorial venture of Kazi Hayat and first collaboration between Shakib Khan and Kazi Hayat. The film is dedicated to father of the nation Bangabandhu Sheikh Mujibur Rahman. On 2018 September 27, the lead actor and producer of the film Shakib Khan signed a contract for the ""Bir"" character of the film. On 2018, after the announcement of film making it was reported from the production company and producer that Shabnam Bubly will be acting in the film. Due to no formal announcement at the time many media reported that Shabnom Bubly is not staying in the film. After that on 15 July 2019 Shabnom Bubly officially contracted sign for the film. On 2019 August 24, Ariana Zaman was contracted for a role in the films, it is also her debut film. Though the shooting of Bir was scheduled to begin on 2019 January 10, the shooting of the film was halted due to the illness of director Kazi Hayat. On 15 July, Muhurat of the film was held at the Shruti Studio in Dhaka. Then, on the same day, the official filming of the film began at BFDC. The first phase depicts scenes of Shakib Khan and his friend's childhood and father, three days drawn till July 18. Shakib Khan's character name is Antu and his friend's character is Miran. After that, the lead actor of the film Shakib Khan was out of the shooting for almost one and a half month to create the perfect look for the movie. After this, again the filming of it gets stuck. Later, he participated in the second phase of filming in Pubail at Dhaka on November 28 of this year. Then, on December 2, Shabnom Bubly participated in the filming. The second phase of filming participated Shakib Khan, Shabnom Bubly, Misha Sawdagor and other artists. Later, on December 7, filming of the climax and action scene began. On 2019 December 25 Shakib Khan was admitted to the LabAid Hospital in Dhaka due to cold fever and gastric problems, then the film was stopped for about a week due to his illness. The film was complete with patchwork on January 26, 2020. The film soundtrack is composed Shawkat Ali Emon, Akassh and Ahmed Sagir, while background score are composed by Emon Saha. A total of four songs have been used in the film, Imran Mahmudul and Konal have sung the first song, title is Tumi Amar Jibon. It is composed by Akassh and lyrics by Kabir Bakul. Habib Rahman also choreographed of the song. The title of the song Tumi Amar Jibon is taken from the same title song by Zafar Iqbal and Bobita's Abujh Hridoy by Ahmed Imtiaz Bulbul Tune and lyrics and sung by Andrew Kishore and Runa Laila. The song was released on Shakib Khan's official YouTube channel SK Films on February 7, 2020. the second song of the film Toke Dekhle Shudhu Ekti Bar was released on February 11, the song sung by Akash Mahmood. It is composed by Shawkat Ali Emon and lyrics by Faisal Rabbikin. Then on the same day released its third song; The item song titled is Miss Bubly, sung by Somnur Monir Konal. The music of this song is composed by Akassh and lyrics written by Priyo Chattopadhyay.","Shakib Khan was contracted for the film Bir on September 26, 2018, when Mohammad Iqbal was supposed to produce the film. On 23 June 2019 Shakib Khan announced the production of four films together with Bir from his own production company SK Films. The film is dedicated to father of the nation Bangabandhu Sheikh Mujibur Rahman. A total of four songs have been used in the film, the first song, title is Tumi Amar Jibon.",,,,
42,9,(same as above),"Shakib Khan was contracted for the film Bir on September 26, 2018, when Mohammad Iqbal was supposed to produce the film . The film marked the 50th directorial venture of Kazi Hayat and first collaboration between Shakib Khan and KaziHayat . On September 27, the lead actor and producer of the",,,,
43,9,(same as above),"Shakib Khan as Antu aka Bir Shabnom Bubly as Helena Hridoy Islam as Abir Misha Sawdagor as Dilu Bepari Nana Shah as Abul Kalam Munshi aka Khuinna Kalam Sadek Bacchu Shabnam Parvin Shiba Shanu Kazi Hayat as Sazzad Chowdhury (Special Appearance) Shakib Khan was contracted for the film Bir on September 26, 2018, when Mohammad Iqbal was supposed to produce the film. Later, succession of Hero: The Superstar in 2014 and Password in 2019, On 23 June 2019 Shakib Khan announced the production of four films together with Bir from his own production company SK Films. The film marked the 50th directorial venture of Kazi Hayat and first collaboration between Shakib Khan and Kazi Hayat.",,,,
44,9,(same as above),"On 2018 September 27, the lead actor and producer of the film Shakib Khan signed a contract for the ""Bir"" character of the film. On 2018, after the announcement of film making it was reported from the production company and producer that Shabnam Bubly will be acting in the film. On 2019 December 25 Shakib Khan was admitted to the LabAid Hospital in Dhaka due to cold fever and gastric problems, then the film was stopped for about a week due to his illness.",,,,
45,9,(same as above),"Shakib Khan was contracted for the film Bir on September 26, 2018, when Mohammad Iqbal was supposed to produce the film . On",,,,
46,10,"The advent of civil defense was stimulated by the experience of the bombing of civilian areas during the First World War. The bombing of the United Kingdom began on 19 January 1915 when German zeppelins dropped bombs on the Great Yarmouth area, killing six people. German bombing operations of the First World War were surprisingly effective, especially after the Gotha bombers surpassed the zeppelins. The most devastating raids inflicted 121 casualties for each ton of bombs dropped; this figure was then used as a basis for predictions. After the war, attention was turned toward civil defense in the event of war, and the Air Raid Precautions Committee (ARP) was established in 1924 to investigate ways for ensuring the protection of civilians from the danger of air-raids. The Committee produced figures estimating that in London there would be 9,000 casualties in the first two days and then a continuing rate of 17,500 casualties a week. These rates were thought conservative. It was believed that there would be ""total chaos and panic"" and hysterical neurosis as the people of London would try to flee the city. To control the population harsh measures were proposed: bringing London under almost military control, and physically cordoning off the city with 120,000 troops to force people back to work. A different government department proposed setting up camps for refugees for a few days before sending them back to London. A special government department, the Civil Defence Service, was established by the Home Office in 1935. Its remit included the pre-existing ARP as well as wardens, firemen (initially the Auxiliary Fire Service (AFS) and latterly the National Fire Service (NFS)), fire watchers, rescue, first aid post, stretcher party and industry. Over 1.9 million people served within the CD; nearly 2,400 died from enemy action. The organization of civil defense was the responsibility of the local authority. Volunteers were ascribed to different units depending on experience or training. Each local civil defense service was divided into several sections. Wardens were responsible for local reconnaissance and reporting, and leadership, organization, guidance and control of the general public. Wardens would also advise survivors of the locations of rest and food centers, and other welfare facilities. Rescue Parties were required to assess and then access bombed-out buildings and retrieve injured or dead people. In addition they would turn off gas, electricity and water supplies, and repair or pull down unsteady buildings. Medical services, including First Aid Parties, provided on the spot medical assistance. The expected stream of information that would be generated during an attack was handled by 'Report and Control' teams. A local headquarters would have an ARP controller who would direct rescue, first aid and decontamination teams to the scenes of reported bombing. If local services were deemed insufficient to deal with the incident then the controller could request assistance from surrounding boroughs. Fire Guards were responsible for a designated area/building and required to monitor the fall of incendiary bombs and pass on news of any fires that had broken out to the NFS. They could deal with an individual magnesium alloy (""Elektron"") incendiary bomb by dousing it with buckets of sand or water or by smothering. Additionally, 'Gas Decontamination Teams' kitted out with gas-tight and waterproof protective clothing were to deal with any gas attacks. They were trained to decontaminate buildings, roads, rail and other material that had been contaminated by liquid or jelly gases. Little progress was made over the issue of air-raid shelters, because of the apparently irreconcilable conflict between the need to send the public underground for shelter and the need to keep them above ground for protection against gas attacks. In February 1936 the Home Secretary appointed a technical Committee on Structural Precautions against Air Attack. During the Munich crisis, local authorities dug trenches to provide shelter. After the crisis, the British Government decided to make these a permanent feature, with a standard design of precast concrete trench lining.","German bombing operations of the First World War were surprisingly effective, especially after the Gotha bombers surpassed the zeppelins . The Air Raid Precautions Committee (ARP) was established in 1924 to investigate ways for ensuring the protection of civilians from the danger of air-raids .",,,,
47,10,(same as above),"The advent of civil defense was stimulated by the experience of the bombing of civilian areas during the First World War. The Air Raid Precautions Committee (ARP) was established in 1924 to investigate ways for ensuring the protection of civilians from the danger of air-raids. A special government department, the Civil Defence Service, was established by the Home Office in 1935.",,,,
48,10,(same as above),"The advent of civil defense was stimulated by the experience of the bombing of civilian areas during the First World War. The bombing of the United Kingdom began on 19 January 1915 when German zeppelins dropped bombs on the Great Yarmouth area, killing six people. German bombing operations of the First World War were surprisingly effective, especially after the Gotha bombers surpassed the zeppelins.",,,,
49,10,(same as above),The Air Raid Precautions Committee was established in 1924 to investigate ways for protecting civilians from air-raids . The Air Raid Precautions Committee,,,,
50,10,(same as above),"After the war, attention was turned toward civil defense in the event of war, and the Air Raid Precautions Committee (ARP) was established in 1924 to investigate ways for ensuring the protection of civilians from the danger of air-raids. A local headquarters would have an ARP controller who would direct rescue, first aid and decontamination teams to the scenes of reported bombing. Fire Guards were responsible for a designated area/building and required to monitor the fall of incendiary bombs and pass on news of any fires that had broken out to the NFS.",,,,
51,11,"Reinforcement Learning (RL) has emerged as one of the pivotal approaches for achieving artificial general intelligence (AGI). Despite significant advancements in this field, traditional RL methods often struggle with complex tasks . To address this limitation, researchers have focused on developing predictive world models to enhance the planning capabilities and sample efficiency . Notably, MuZero-style algorithms leverage the value equivalence principle and Monte Carlo Tree Search (MCTS) to facilitate planning within learned latent spaces, achieving exceptional performance in domains such as board games and Atari . However, these achievements are largely restricted to settings requiring short-term memory and single-task learning . Significant challenges still persist in scaling these methods to heterogeneous scenarios, such as environments requiring long-term memory, diverse action spaces, or multitask learning, which limits their applicability to broader and more complex domains. In the fields of language and vision, the emergence of multi-head attention mechanisms has fundamentally transformed the development of general-purpose foundation models. By leveraging large-scale and diverse datasets in a simple next-token prediction framework, these mechanisms have driven significant advancements across a wide range of applications . Recently, there has been growing interest in extending these techniques to decision-making domains. Notably, some studies treat reinforcement learning as a sequence modeling problem, focusing on the supervised offline training of return-conditioned policies. Meanwhile, other works propose a two-stage online learning paradigm, where the policy and dynamics model are optimized independently . Empirical studies demonstrate the effectiveness of transformer-based architectures in capturing diverse backward memory capabilities within a unified, generalized framework. Similarly, Monte Carlo Tree Search (MCTS) is widely recognized for its efficiency in forward planning. Integrating these two paradigms offers a promising pathway for enhancing both retrospective and prospective cognitive functions in artificial intelligence. However, research on the seamless combination of transformers and MCTS remains sparse. This gap raises a critical question: Can transformer architectures enhance the efficiency and scalability of planning in complex, heterogeneous decision-making tasks characterized by diverse dependencies and variability? This paper represents an initial exploration of this question. We first systematically analyze the limitations of MuZero-style architectures using a representative Atari game under stacked or non-stacked input conditions, simulating varying dependency ranges required for optimal control. Our findings, summarized in Table and Figure , reveal two core limitations inherent to MuZero-style algorithms. First, the recurrent design introduces an intrinsic entanglement between latent representations and historical information, resulting in a bottleneck that impedes efficient information propagation. This entanglement further complicates the integration of self-supervised regularization losses (elaborated in Section ). Second, the architecture suffers from an under-utilization of trajectory data during training, which restricts its ability to fully exploit the accumulated experiential data. Consequently, these limitations reduce data efficiency and scalability, particularly in heterogeneous scenarios characterized by diverse dependencies and task variability. A comprehensive analysis and experimental validation of these limitations is presented in Section . To tackle these challenges, we introduce UniZero , a novel framework depicted on the right part of Figure . UniZero leverages a transformer-based world model to efficiently learn a task-agnostic shared latent space by disentangling latent states from implicit latent histories (see Section ). Specifically, UniZero integrates domain-specific encoders to map diverse inputs—such as images, proprioceptive data, and discrete or continuous actions—into a unified latent representation. The unified latent states and actions across varying time steps and tasks are then processed by a transformer backbone , enabling temporal and contextual modeling. To support decision-making, UniZero employs specialized heads , which model both latent dynamics (e.g., the predicted next latent state and reward) and decision-critical quantities (e.g., policy and value) conditioned on the latent history produced by the transformer backbone. This unified design allows for the joint optimization of long-horizon world models and policies , effectively mitigating the inconsistencies inherent to two-stage learning frameworks . With its unified and modularized architecture and training paradigm, UniZero holds the promise of becoming a scalable foundational model for decision-making in various heterogeneous scenarios.","Reinforcement Learning (RL) has emerged as one of the pivotal approaches for achieving artificial general intelligence (AGI) Despite significant advancements in this field, traditional RL methods often struggle with complex tasks. To tackle these challenges, we introduce UniZero, a novel framework. UniZero leverages a transformer-based world model to efficiently learn a task-agnostic shared latent space.",,,,
52,11,(same as above),"Reinforcement Learning (RL) has emerged as one of the pivotal approaches for achieving artificial general intelligence (AGI) Despite significant advancements in this field, traditional RL methods often struggle with complex tasks . To address this limitation, researchers have focused on developing predictive world models to enhance planning capabilities and sample efficiency .",,,,
53,11,(same as above),"This gap raises a critical question: Can transformer architectures enhance the efficiency and scalability of planning in complex, heterogeneous decision-making tasks characterized by diverse dependencies and variability? This unified design allows for the joint optimization of long-horizon world models and policies , effectively mitigating the inconsistencies inherent to two-stage learning frameworks . With its unified and modularized architecture and training paradigm, UniZero holds the promise of becoming a scalable foundational model for decision-making in various heterogeneous scenarios.",,,,
54,11,(same as above),Reinforcement Learning (RL) has emerged as one of the pivotal approaches for achieving artificial general intelligence (AGI) Despite significant advancements in,,,,
55,11,(same as above),"Reinforcement Learning (RL) has emerged as one of the pivotal approaches for achieving artificial general intelligence (AGI). Despite significant advancements in this field, traditional RL methods often struggle with complex tasks . To address this limitation, researchers have focused on developing predictive world models to enhance the planning capabilities and sample efficiency .",,,,
56,12,"Murder by Death was formed in 2000 in Bloomington, Indiana, by guitarist Adam Turla, cellist Sarah Balliet, percussionist Alexander Schrodt, keyboardist Vincent Edwards, and bassist Matt Armstrong. One of the group's first shows was at the Channing-Murray Foundation's cafe The Red Herring in Urbana, Illinois, with former American Football drummer Steve Lamos' solo project DMS. After the show, the head of the TEAM AV record label with which Lamos was working offered to help Turla and his bandmates secure additional shows. Around the same time the band met Thursday vocalist, Geoff Rickly, when the two bands played on the same bill at a gig in their hometown of Bloomington. Rickly introduced the band, known at the time as Little Joe Gould, to his friend Alex Saavedra (owner of Eyeball Records), who also took an interest in the band. In 2001 the band self-released the eponymous Little Joe Gould EP and early the next year contributed the song ""I'm Afraid of Who's Afraid of Virginia Woolf"" to the TEAM AV compilation Foreign Nationals. A short time later the group changed their name to Murder By Death, which they felt better represented their sound. While still performing under the name Little Joe Gould, the band headed out on an 11-date tour stretching from California to Louisiana with the Chicago-based band Volta Do Mar. On this tour the band honed the songs for their debut album, which was recorded in several Chicago studios with Tim Iseler, then a guitarist with the TEAM AV-affiliated band Re:Rec. Both the tour and the recording engineer were arranged by the TEAM AV label, and the resulting Like The Exorcist, But More Breakdancing was released on Eyeball in August 2002. The band extensively toured behind the album with bands such as Cursive, Interpol, and The American Analog Set. In July 2003 the band released a split album with Volta Do Mar entitled Konrad Friedrich Wilhelm Zimmer in honor of the grandfather of the TEAM AV label owner who appears on the cover. Along with the song ""Canyon Inn, Room 16"" from the Little Joe Gould EP, Murder By Death also contributed ""Knife Goes In, Guts Come Out"" and the instrumental track ""We Watch a Lot of Movies"" alongside an alternative version of ""A Masters in Reverse Psychology"". Konrad Friedrich Wilhelm Zimmer was recorded with producer D. James Goodwin during sessions that would ultimately bear the release of Who Will Survive, and What Will Be Left of Them? in October. In December the band released a tribute 7"" single for friend and musician Matt Davis of the band Ten Grand who had died earlier that year, before continuing to tour nationwide with Lucero, The Weakerthans, William Elliott Whitmore, and Rasputina. ""Those Who Left"", from Like The Exorcist..., is an eight-minute instrumental, often played live in total darkness. This song is often paired with ""Those Who Stayed"", a shorter instrumental from the same album. This pairing, played during encores, is seen on setlists as ""The Two Evils"" or ""Medley of Evil"". My Chemical Romance frontman Gerard Way provides guest vocals on Who Will Survive... track ""The Devil in Mexico"". Thursday frontman Geoff Rickly provides guest vocals on the Who Will Survive... track ""Killbot 2000"". William Elliott Whitmore provides guest vocals on the Who Will Survive... track ""Until Morale Improves, The Beatings Will Continue."" According to the band's website, he sang to them through a telephone while he was on the side of the road in Texas. Pianist Vincent Edwards left the band in 2004 in order to return to academia. Cellist Sarah Balliet added keyboard duties to her cello playing. More touring was followed by a stint back at school, during which time the band wrote their third album, In Bocca Al Lupo, which was released in May 2006 on their own label Tent Show Records, an imprint of East West Records.","Murder by Death was formed in 2000 in Bloomington, Indiana, by guitarist Adam Turla, cellist Sarah Balliet, percussionist Alexander Schrodt, keyboardist Vincent Edwards, and bassist Matt Armstrong. One of the group's first shows was at the Channing-Murray Foundation's cafe The Red Herring in Urbana, Illinois, with former American Football drummer Steve Lamos' solo project DMS. After the show, the head of the TEAM AV record label with which Lamos was working offered to help Turla and his bandmates secure additional shows.",,,,
57,12,(same as above),"In July 2003 the band released a split album with Volta Do Mar entitled Konrad Friedrich Wilhelm Zimmer in honor of the grandfather of the TEAM AV label owner who appears on the cover. In December the band released a tribute 7"" single for friend and musician Matt Davis of the band Ten Grand who had died earlier that year, before continuing to tour nationwide with Lucero, The Weakerthans, William Elliott Whitmore, and Rasputina. More touring was followed by a stint back at school, during which time the band wrote their third album, In Bocca Al Lupo, which was released in May 2006 on their own label Tent Show Records, an imprint of East West Records.",,,,
58,12,(same as above),"Murder by Death was formed in Bloomington, Indiana, in 2000. The band released their first EP, Little Joe Gould, in 2001. In 2003 they released a split album with Volta Do Mar entitled Konrad Friedrich Wilhelm Zimmer. In 2006 they released their third album, In Bocca Al Lupo, on their own label Tent Show Records.",,,,
59,12,(same as above),"Murder by Death was formed in 2000 in Bloomington, Indiana, by Adam Turla, Sarah Balliet, Alexander Schrodt, Vincent Edwards, and Matt Armstrong . The band self-released the eponymous Little Joe Gould EP in 2001 . In 2001 the band contributed the song ""I'm Afraid of Who's Afraid",,,,
60,12,(same as above),"Murder By Death formed in 2000 in Bloomington, Indiana, by Adam Turla, Sarah Balliet, Alexander Schrodt, Vincent",,,,
61,13,"In recent years, diffusion models have revolutionized the field of image generation, achieving state-of-the-art results in both the diversity and quality of generated content. The advancement of vision-language models has further enhanced the capabilities of diffusion models, giving rise to novel applications in text-to-image (T2I) generation . However, existing studies have shown that diffusion models also exhibit vulnerability issues, where appending a specific suffix to the original prompts can manipulate diffusion models to generate completely different image content. ATM and SAGE have respectively investigated white-box attacks for both untargeted and targeted scenarios. Additionally, Adversarial Prompting (AP) explored query-based targeted attack. However, all three methods demand a significant number of image generations, not only making it time-consuming but also unsuitable for commercial models due to their confidentiality or substantial monetary costs. QF-Attack introduces an attack method that does not require image generation, but it is limited to untargeted attack and targeted erasing, namely generating random image content unrelated to the original prompt and omitting a specific category mentioned in the original prompt respectively. MMA-Diffusion optimized adversarial prompts to make T2I models generate Not-Safe-For-Work (NSFW) images. However, it did not consider the issue from a robustness perspective, meaning it did not require modifications on a given original prompt. Consequently, the problem addressed by MMA-Diffusion was relatively easier. Besides their unsatisfactory performance, existing studies are also limited by their designed algorithms solely on either text or image feature space. In QF-Attack and MMA-Diffusion, the distance from the original prompt and target prompt was calculated in the text feature space. In ATM, SAGE and AP, the objective functions were designed in the image feature space with an auxiliary image classifier, assessing whether the generated images contain objects of predefined categories. The lack of exploration across different modalities inspired us to visualize the text and image feature space within diffusion models simultaneously. A significant difference between the two modalities is thus observed. As shown in Fig. , we draw both text and image features of 400 samples embedded by Stable Diffusion v1.4 (SD v14), which are formed with 100 templates and 4 objects. Details of these samples are given in Sec. 3.2. The prompts are embedded chaotically in the text feature space, while in the image feature space they are clustered according to their subjects. This phenomenon can be attributed to the fact that text features distribute their emphasis across a variety of words, consequently placing greater importance on the sentences or templates. In contrast, image features are more concentrated on the specific objects. This difference also highlights certain suboptimal alignments within existing diffusion models, particularly from a robustness standpoint, which we will further analyse in Sec. 3.2. Based on this observation, we propose an MMP-Attack by utilizing M ulti- M odal P riors. Our approach optimizes a suffix appended to the original prompt, aiming to effectively manipulate T2I diffusion models. Specifically, it facilitates the generation of a desired target object by removing the original object, thus addressing the most challenging scenario. The distance between the optimized prompt and the target category (to add) is minimized in both text and image feature space. The differences between our MMP-Attack and existing works are briefly summarized in Table . Comprehensive experiments demonstrate the superior universality and transferability of our optimized suffix. Universality indicates that a suffix optimized under a specific prefix can, to some extent, generalize to other prefixes. Transferability indicates that the suffix optimized on an open-source diffusion model can be employed to manipulate a black-box diffusion model, posing a more severe security threat to commercial T2I models, such as DALL-E 3. In this paper, our experimental results show an attack success rate of 50.4% in manipulating Stable Diffusion v2.1 (SD v21) using the suffix generated on SD v14. Moreover, after analyzing the optimized suffix, we observed that MMP-Attack often works in a cheating way, which means that it often contains some tokens related to the target object.",,,,,
62,13,(same as above),"However, existing studies have shown that diffusion models also exhibit vulnerability issues, where appending a specific suffix to the original prompts can manipulate diffusion models to generate completely different image content. QF-Attack introduces an attack method that does not require image generation, but it is limited to untargeted attack and targeted erasing, namely generating random image content unrelated to the original prompt and omitting a specific category mentioned in the original prompt respectively. Transferability indicates that the suffix optimized on an open-source diffusion model can be employed to manipulate a black-box diffusion model, posing a more severe security threat to commercial T2I models, such as DALL-E 3.",,,,
63,13,(same as above),"In recent years, diffusion models have revolutionized the field of image generation . The advancement of vision-language models has further enhanced the capabilities of diffusion models, giving rise to novel applications in text-to-image (T2I) generation . In ATM, SAGE and AP, the objective functions were designed in the image feature space",,,,
64,13,(same as above),"In recent years, diffusion models have revolutionized the field of image generation, achieving state-of-the-art results in both the diversity and quality of generated content. The advancement of vision-language models has further enhanced the capabilities of diffusion models, giving rise to novel applications in text-to-image (T2I) generation . However, existing studies have shown that diffusion models also exhibit vulnerability issues, where appending a specific suffix to the original prompts can manipulate diffusion models to generate completely different image content.",,,,
65,13,(same as above),"MMA-Diffusion optimized adversarial prompts to make T2I models generate Not-Safe-For-Work (NSFW) images. The distance between the optimized prompt and the target category (to add) is minimized in both text and image feature space. In this paper, our experimental results show an attack success rate of 50.4% in manipulating Stable Diffusion v2.1 (SD v21) using the suffix generated on SD v14.",,,,
66,14,"Monocular metric depth and surface normal estimation is the task of predicting absolute distance and surface direction from a single image. As crucial 3D representations, depth and normals are geometrically related and highly complementary. While metric depth excels in capturing data at scale, surface normals offer superior preservation of local geometry and are devoid of metric ambiguity compared to metric depth. These unique attributes render both depth and surface normals indispensable in various computer vision applications, including 3D reconstruction , neural rendering (NeRF) , autonomous driving , and robotics . Currently, the community still lacks a robust, generalizable geometry foundation model capable of producing high-quality metric depth and surface normal from a single image. Metric depth estimation and surface normal estimation confront distinct challenges. Existing depth estimation methods are categorized into learning metric depth , relative depth , and affine-invariant depth . Although the metric depth methods have achieved impressive accuracy on various benchmarks, they must train and test on the dataset with the same camera intrinsics. Therefore, the training datasets of metric depth methods are often small, as it is hard to collect a large dataset covering diverse scenes using one identical camera. The consequence is that all these models generalize poorly in zero-shot testing, not to mention the camera parameters of test images can vary too. A compromise is to learn the relative depth , which only represents one point being further or closer to another one. The application of relative depth is very limited. Learning affine-invariant depth finds a trade-off between the above two categories of methods, i.e. the depth is up to an unknown scale and shift. With large-scale data, they decouple the metric information during training and achieve impressive robustness and generalization ability, such as MiDaS , DPT , LeReS , HDN . The problem is the unknown shift will cause 3D reconstruction distortions and non-metric depth cannot satisfy various downstream applications. In the meantime, these models cannot generate surface normals. Although lifting depths to 3D point clouds can do so, it places high demands on the accuracy and fine details of predicted depths. Otherwise, various artifacts will remain in such transformed normals. For example, Fig. shows noisy normals from Marigold depths, which excels in producing high-resolution fine depths. Instead of direct transformation, state-of-the-art (SoTA) surface normal estimation methods tend to train estimators on high-quality normal annotations. These annotations, unlike sensor-captured ground-truth (GT), are derived from meticulously and densely reconstructed scenes, which have extremely rigorous requirements for both the capturing equipment and the scene. Consequently, data sources primarily consist of either synthetic creation or 3D indoor reconstruction . Real and diverse outdoor scenes are exceedingly rare. (refer to our data statistics in Tab. ). Limited by this label deficiency, SoTA surface normal methods typically struggle with strong zero-shot generalization. This work endeavors to tackle these challenges by developing a multi-task foundation model for zero-shot, single view, metric depth, and surface normal estimation. We propose targeted solutions for the challenges of zero-shot metric depth and surface normal estimation. For metric-scale recovery, we first analyze the metric ambiguity issues in monocular depth estimation and study different camera parameters in depth, including the pixel size, focal length, and sensor size. We observe that the focal length is the critical factor for accurate metric recovery. By design, affine-invariant depth methods do not take the focal length information into account during training. As shown in Sec. , only from the image appearance, various focal lengths may cause metric ambiguity, thus they decouple the depth scale in training. To solve the problem of varying focal lengths, CamConv encodes the camera model in the network, which enforces the network to implicitly understand camera models from the image appearance and then bridges the imaging size to the real-world size. However, training data contains limited images and types of cameras, which challenges data diversity and network capacity.","As crucial 3D representations, depth and normals are geometrically related and highly complementary. While metric depth excels in capturing data at scale, surface normals offer superior preservation of local geometry and are devoid of metric ambiguity compared to metric depth. Currently, the community still lacks a robust, generalizable geometry foundation model capable of producing high-quality metric depth and surface normal from a single image.",,,,
67,14,(same as above),"Monocular metric depth and surface normal estimation is the task of predicting absolute distance and surface direction from a single image. As crucial 3D representations, depth and normals are geometrically related and highly complementary. While metric depth excels in capturing data at scale, surface normals offer superior preservation of local geometry and are devoid of metric ambiguity compared to metric depth.",,,,
68,14,(same as above),"Monocular metric depth and surface normal estimation is the task of predicting absolute distance and surface direction from a single image. Currently, the community still lacks a robust, generalizable geometry foundation model capable of producing high-quality metric depth and surface normal from a single image. We propose targeted solutions for the challenges of zero-shot metric depth and surface normal estimation.",,,,
69,14,(same as above),Metric depth estimation and surface normal estimation confront distinct challenges . The problem is the unknown shift will cause 3D reconstruction distortions and non-metric depth cannot satisfy various downstream applications . We propose targeted solutions for the challenges of zero-shot metric depth and surfacenormal estimation .,,,,
70,14,(same as above),Metric depth and surface normal estimation are difficult to predict from a single image . They must train and test on the same camera intrinsics as,,,,
71,15,"Graph Neural Networks (GNNs) have become increasingly important in graph representation learning, as data in many real-world domains can be naturally modeled as graphs. GNNshave found applications in several sensitive fields, including information processing , criminal justice , molecular chemistry , and bio-informatics . In these sensitive domains, interpretability is crucial for ensuring transparent, justifiable, and ethical decision-making. As GNN usage expands, understanding their internal processes becomes vital for effective and safe usage of these models in practical settings. To address these challenges, various graph explainers have been proposed. These graph explainers typically provide two types of explanations crucial for GNNprediction: (1) identification of subgraphs , and (2) determination of node features . However, graph explainers and GNNsface an inherent limitation in their ability to generate representations stemming from graphs’ ability to model only pair-wise interactions between nodes. This limitation has implications on the expressivity of GNNs, which is explored in detail by . To address this, higher-order structures such as cell complexes have been employed as they are a higher-order generalization of graphs, capable of modeling multi-node interactions. Neural networks designed for these higher-order structures have demonstrated significant performance improvements in graph learning tasks compared to traditional graph structures, and have been shown to be more expressive than traditional GNNs. Despite these advancements in higher-order graph representations, there exists a critical gap in the field of graph explainability: the potential of higher-order structures to enhance the interpretability of graph-based models remains unexplored. In this work, we present F ramework For Higher- O rder R epresentations In G raph E xplanations (FORGE), a novel, explainer-agnostic framework designed to enhance the capability of graph explainers by capturing multi-node interactions during the GNNlearning process itself by internally representing the underlying graph data as a cell complex. To further refine the quality of explanations, as part of our framework we introduce Information Propagation algorithms that translate the explanations generated for cell complexes back to the underlying graph data, resulting in richer, more accurate, and faithful explanations with respect to the input data as well as the underlying GNN predictor. This is encapsulated by Figure , where our framework can capture the multi-node interactions of a benzene ring, which is the correct ground truth explanation. Without FORGE, the base explainer is unable to interpret these interactions, resulting in less accurate explanations. The overall framework is described in Figure . We conduct extensive evaluations of FORGEon real-world datasets from the GraphXAI benchmark, as well as on specially curated synthetic datasets. Our results demonstrate that incorporating FORGEconsistently matches or improves the explanation accuracy and faithfulness of various graph explainers. To reaffirm our hypothesis, we perform rigorous ablations and find that each components of our framework contribute significantly to increased explainer performance. Additionally, our analysis on scalability reveals that FORGEefficiently handles dense, complex graph networks with only linear overhead in both time and space complexity, further emphasizing its practical applicability and computational efficiency.","Graph Neural Networks (GNNs) have become increasingly important in graph representation learning. GNNshave found applications in several sensitive fields, including information processing, criminal justice, molecular chemistry and bio-informatics. In these sensitive domains, interpretability is crucial for ensuring transparent, justifiable, and ethical decision-making.",,,,
72,15,(same as above),"Neural networks designed for these higher-order structures have demonstrated significant performance improvements in graph learning tasks compared to traditional graph structures, and have been shown to be more expressive than traditional GNNs. In this work, we present F ramework For Higher- O rder R epresentations In G raph E xplanations (FORGE), a novel, explainer-agnostic framework designed to enhance the capability of graph explainers by capturing multi-node interactions during the GNNlearning process itself by internally representing the underlying graph data as a cell complex. To further refine the quality of explanations, as part of our framework we introduce Information Propagation algorithms that translate the explanations generated for cell complexes back to the underlying graph data, resulting in richer, more accurate, and faithful explanations with respect to the input data as well as the underlying GNN predictor.",,,,
73,15,(same as above),Graph Neural Networks (GNNs) have become increasingly important in graph representation learning . GNNs face an inherent limitation in their ability to,,,,
74,15,(same as above),"Graph Neural Networks (GNNs) have become increasingly important in graph representation learning . GNNshave found applications in several sensitive fields, including information processing, criminal justice, molecular chemistry and bio-informatics . In these sensitive domains, interpretability is crucial for ensuring transparent, justifiable, and ethical decision-making",,,,
75,15,(same as above),"Graph Neural Networks (GNNs) have become increasingly important in graph representation learning, as data in many real-world domains can be naturally modeled as graphs. GNNshave found applications in several sensitive fields, including information processing , criminal justice , molecular chemistry , and bio-informatics . In these sensitive domains, interpretability is crucial for ensuring transparent, justifiable, and ethical decision-making.",,,,
76,16,"Multi-Agent Path Finding (MAPF) poses challenges with broad applications in autonomous warehouses, robotics, aerial swarms, and self-driving vehicles . The objective is to plan paths for multiple agents to navigate from start to goal positions in obstacle-laden environments. A critical constraint of such systems is to ensure agents navigate concurrently without collisions. Two main categories of approaches are centralized and decentralized planning. Centralized planners aim to find optimal solutions that minimize the length of collision-free paths. They are effective in small and sparse environments but face limitations in real-time performance and scalability in large and dense environments . These methods require complete knowledge of the environment and full replanning when a change occurs, leading to exponential computation times with increased agents, obstacles, and world size. Recent studies have sought to discover real-time solutions. However, these solutions remain sub-optimal and still require access to global information about the world. On the contrary, decentralized methods seek to tackle these challenges by allowing each agent to acquire their own policies. In these approaches, agents can reactively plan paths within partially observable environments. Such methods prove beneficial in situations where agents lack comprehensive knowledge of the world, as is often the case in the domain of autonomous vehicles. Rather than pursuing an optimal solution for all agents, decentralized planners train local policies that rapidly generate sub-optimal solutions as a tradeoff between speed and solution quality. Given that agents make their decisions based on local information, decentralized approaches often face challenges in achieving effective global coordination among agents. In cluttered, dynamic environments characterized by congestion or rapid changes, agents may tend to prioritize their individual goals, potentially resulting in conflicts and inefficiencies that affect the overall system’s performance. To tackle the challenges presented by dense crowds, our approach, CRAMP, integrates a crowd-awareness mechanism and local communication via Graph Neural Networks (GNN) . This strategy is guided by a boosted curriculum training approach, which gradually exposes agents to increasingly complex scenarios. CRAMP is specifically designed to train intelligent agents capable of efficiently navigating in dense and dynamic environments. By formulating the MAPF problem as a sequential decision-making task, we employ deep reinforcement learning techniques, enabling agents to make optimal decisions while considering the presence of other agents and the dynamic nature of the environment. We evaluate the CRAMP approach through extensive experiments on various synthetic environments, comparing it against state-of-the-art MAPF algorithms. Our results demonstrate that CRAMP achieves superior performance in terms of solution quality and computational efficiency while maintaining robustness in crowded settings. Moreover, we showcase the adaptability of our approach in dynamic and evolving environments. Figure illustrates a comparison of computed paths between PRIMAL , PICO , and our method, CRAMP. Our approach significantly shortens the path to the target position while mitigating potential congestion by prioritizing actions that lead to less densely populated areas. This strategy effectively reduces the likelihood of deadlocks and enhances overall path efficiency. Our main contributions can be summarized as follows: • We present a reinforcement learning approach for the multi-agent path-finding problem, utilizing a carefully designed crowd-aware mechanism that enables agents to adapt their policies dynamically based on crowd density and behavior. • Exploiting local communication between nearby agents via Graph Neural Networks, we facilitate agents to gather information from and predict the behavior of nearby agents, thereby enhancing their decision-making capabilities. • We conduct a series of experiments, conclusively showcasing that our approach surpasses state-of-the-art methods across a range of metrics, including success rate, collision count, and makespan. We present a reinforcement learning approach for the multi-agent path-finding problem, utilizing a carefully designed crowd-aware mechanism that enables agents to adapt their policies dynamically based on crowd density and behavior. Exploiting local communication between nearby agents via Graph Neural Networks, we facilitate agents to gather information from and predict the behavior of nearby agents, thereby enhancing their decision-making capabilities.","Multi-Agent Path Finding (MAPF) poses challenges with broad applications in autonomous warehouses, robotics, aerial swarms, and self-driving vehicles . The objective is to plan paths for multiple agents to navigate from start to goal positions in obstacle-laden environments. A critical constraint of such systems is to ensure agents navigate concurrently without collisions.",,,,
77,16,(same as above),"Multi-Agent Path Finding (MAPF) poses challenges with broad applications in autonomous warehouses, robotics, aerial swarms, and self-driving vehicles. The objective is to plan paths for multiple agents to navigate from start to goal positions in obstacle-laden environments. Two main categories of approaches are centralized and decentralized planning.",,,,
78,16,(same as above),"Our main contributions can be summarized as follows: • We present a reinforcement learning approach for the multi-agent path-finding problem, utilizing a carefully designed crowd-aware mechanism that enables agents to adapt their policies dynamically based on crowd density and behavior. • Exploiting local communication between nearby agents via Graph Neural Networks, we facilitate agents to gather information from and predict the behavior of nearby agents, thereby enhancing their decision-making capabilities. We present a reinforcement learning approach for the multi-agent path-finding problem, utilizing a carefully designed crowd-aware mechanism that enables agents to adapt their policies dynamically based on crowd density and behavior.",,,,
79,16,(same as above),"Multi-Agent Path Finding (MAPF) poses challenges with broad applications in autonomous warehouses, robotics, aerial swarms, and self-driving vehicles . The objective is to plan paths for multiple agents to navigate from start to goal positions in obstacle-laden environments . These methods require complete knowledge of the environment and full replanning",,,,
80,16,(same as above),"Multi-Agent Path Finding (MAPF) poses challenges with broad applications in autonomous warehouses, robotics, aerial swarms, and self-driving",,,,
81,17,"KaBlam! featured shorts produced by a number of different creators and animation studios. These included Action League Now!, created by Tim Hill and animated by David Fain; Mo Willems's The Off-Beats; Stephen Holman's Life with Loopy; and shorts produced by Ink Tank, LunaVox productions and Crank It Out!. The series' theme music was performed by the Moon Ska Stompers. When KaBlam! premiered in October 1996, it was one of several original series introduced as part of Nickelodeon's expansion of its prime-time programming. The Los Angeles Times described the series as an animated sketch comedy presented in the form of an electronic comic book. KaBlam! aired on Friday nights at 8pm and ran for four seasons. The series concluded in 2000. Season 1 featured the recurring shorts Sniz & Fondue, Action League Now!, Prometheus and Bob, and Life with Loopy. The Off-Beats also appeared in some episodes, occasionally replacing Life with Loopy or Prometheus and Bob. Other shorts shown during the season included Surprising Shorts, Lava!, Angela Anaconda and The Louie and Louie Show. The Henry and June segments generally served as brief links between the animated shorts, although some episodes gave them a more continuous storyline. Season 2 continued to feature The Off-Beats, although the segment was discontinued during the season, alongside the final appearance of Surprising Shorts. The season also introduced several one-off shorts, including Randall Flan's Incredible Big Top, The Girl with Her Head Coming Off, and The Adventures of Patchhead, the latter of which returned in Season 3. The Brothers Tiki appeared twice. The Henry and June segments also received visual changes from the first season. Season 3 featured the final appearances of Sniz & Fondue and introduced JetCat and Race Rabbit as recurring shorts. The Adventures of Patchhead made its second and final appearance, while music videos by James Kochalka, including ""Hockey Monkey"" and ""Pizza Rocket"", were also shown. The Henry and June segments became more story-driven during this season, and the opening sequence was shortened. Lou Rawls appeared as himself in the episode ""You May Already Be a...KaBlammer!"" Season 4 was the final season of KaBlam! and featured the final appearances of Life with Loopy, Prometheus and Bob, JetCat and Race Rabbit. The season also included several one-off shorts, including Fuzzball, Garbage Boy, Emmett Freedy, Stewy the Dog Boy, The Little Freaks, and The Shizzagee. Music videos by They Might Be Giants for ""Why Does the Sun Shine?"" and ""Doctor Worm"" were also featured. The Henry and June segments continued to use a more continuous storyline within each episode. In ""Sasquatch-ercise"", Richard Simmons appears as himself, while John Stamos appears in ""Now With More Flava'"". KaBlam! combined recurring animated and live-action shorts with occasional one-off segments. Episodes were linked by animated host segments featuring Henry, voiced by Noah Segan and June by Julia McIlvaine. Henry and June are the animated hosts of KaBlam!, appearing between the programme's shorts and introducing each segment. Henry is voiced by Noah Segan and June by Julia McIlvaine. In 1999, Nickelodeon aired The Henry & June Show, a half-hour television special that placed the characters outside the show's usual comic-book framing and centered on their own variety-show-style programme and school adventures. The special was intended as a pilot for a proposed Henry and June spin-off series, but the series was not picked up. Sniz & Fondue follows the title characters and their friends in a series of traditionally animated shorts. It was one of KaBlam! 's original recurring segments. The 1992 pilot, ""Psyched for Snuppa"", was produced by Stretch Films and Jumbo Pictures and was directed by John R. Dilworth. Action League Now! follows a group of inept superheroes represented by action figures. The shorts used a technique known as ""Chuckimation"", combining stop motion with live-action movement in which figures were thrown, dropped or moved into frame. The segment was created by Robert Mittenthal, Will McRobb, and Albie Hecht. After KaBlam!","KaBlam! featured shorts produced by a number of different creators and animation studios. These included Action League Now!, created by Tim Hill and animated by David Fain; Mo Willems's The Off-Beats; Stephen Holman's Life with Loopy; and shorts produced by Ink Tank, LunaVox productions and Crank It Out!.",,,,
82,17,(same as above),KaBlam! featured shorts produced by a number of different creators and animation studios . The series' theme music was performed by the Moon Sk,,,,
83,17,(same as above),"KaBlam! was an animated sketch comedy series that aired on Nickelodeon. The series ran for four seasons and concluded in 2000. Episodes were linked by animated host segments featuring Henry, voiced by Noah Segan and June by Julia McIlvaine. Henry and June are the animated hosts of KaBlam!, appearing between the programme's shorts and introducing each segment.",,,,
84,17,(same as above),KaBlam! featured shorts produced by a number of different creators and animation studios . The series' theme music was performed by the Moon Ska Stompers . It was one of several original series introduced as part of Nickelodeon's expansion of its prime-time programming .,,,,
85,17,(same as above),"The season also introduced several one-off shorts, including Randall Flan's Incredible Big Top, The Girl with Her Head Coming Off, and The Adventures of Patchhead, the latter of which returned in Season 3. Season 3 featured the final appearances of Sniz & Fondue and introduced JetCat and Race Rabbit as recurring shorts. Henry and June are the animated hosts of KaBlam!, appearing between the programme's shorts and introducing each segment.",,,,
86,18,"Full formal dress uniforms for ceremonial parades and other special occasions. No. 1 (Accoutrements): Service Dress (see below) uniform with medals and ceremonial accoutrements (swords, white web belts, gloves, etc.). No. 1A (Medals Only): Service Dress uniform with medals, but no ceremonial accoutrements. No. 1B (Full Dress): Regimental full dress (such as scarlet tunics and bearskin hats of Guards regiments). Regimental uniforms are normally not provided at public expense; purchase of these uniforms is done either by individuals or by various regiments out of non-public funds. No. 1C (Semi-Ceremonial): Patrol dress (a slightly less elaborate regimental uniform) or the Navy high-collared white jacket. No. 1D (Undress Ribbons): No. 1C worn with ribbons instead of medals. Formal evening attire for mess dinners. Mess dress is not provided at public expense; however, all commissioned officers of the Regular Force are required to own mess dress within six months of being commissioned. No. 2 (Mess Standard): Full mess kit with mess jackets, cummerbunds or waistcoats, etc. No. 2A (Mess White): No. 2 with summer white jacket. No. 2B (Mess Service): No. 3 with white dress shirt and bow tie; worn by CF members who do not own No. 2 mess dress. No. 2C (Mess Shipboard): No. 3B with a cummerbund and without ribbons or name tag; worn as evening wear on board ship. Sometimes called Red Sea rig. No. 2D (CAF Mess Standard): Air Force members are permitted to continue wearing the unified CAF pattern of mess dress. Also called a ""walking-out"" or ""duty uniform"", it is the military equivalent of the business suit; it is the standard uniform for appearing in public (hence the moniker ""walking-out dress""). No 3 Service Dress becomes No 2B Mess Dress by replacing the shirt and tie with a white shirt and bow tie, or to No 1 Ceremonial Dress by the addition of ceremonial web or sword belts, gloves, and other accoutrements. No. 3 (Duty Service): Tunic and necktie, with medal ribbons. No. 3A (Long-Sleeved Shirt): No. 3 with jacket removed; worn only indoors, within DND buildings. No. 3B (Short-Sleeved Shirt): Short-sleeved shirt, without tunic or tie; worn during the summer on less formal occasions. No. 3C (Sweater): Worn over the short-sleeved or long-sleeved shirt. For Army and RCAF, the collar may be open on the shirts, or the tie may be worn with the long-sleeve shirt; however, RCN officers will wear the long-sleeve shirt with tie when wearing the sweater. ""Work dress"", as it was commonly known, was a more informal uniform, originally for day-to-day wear in garrison or on base, out of the public eye. It usually consisted of work trousers and either a dress shirt or work shirt, with an optional sweater; Army personnel wore a disruptive-pattern jacket. The Canadian Army later replaced work dress with ""No. 4 (Garrison) Dress"", which consisted of the old-style work dress pants, a disruptive-pattern jacket, a black web belt, a short-sleeve summer Service Dress shirt with the collar open and over the jacket collar, and high paratrooper-style garrison boots. The rifle-green crew-neck combat sweater doubled as a sweater for wear with Service Dress and Garrison Dress. Due to concerns over the number of uniforms Army personnel had to carry with them on postings and taskings, the tan summer DEU was eventually retired, and the winter uniform was mandated for year-round wear. The garrison dress uniform was not popular with the combat arms, as the boots were easily scuffed, especially when doing manual labour; the jacket was heavily lined and restrictive; the belt was designed to ride very high on the body and served no practical purpose. Army troops generally eschewed garrison dress for the combat uniform when possible, even in garrison. Land Force Western Area actually instructed its units to wear the combat uniform instead, and Land Force Command later adopted the practice across the rest of the country, authorizing combat uniform for all occasions where garrison dress was deemed appropriate.","Full formal dress uniforms for ceremonial parades and other special occasions. Service Dress (see below) uniform with medals and ceremonial accoutrements. ""Work dress"", as it was commonly known, was a more informal uniform, originally for day-to-day wear in garrison or on base, out of the public eye.",,,,
87,18,(same as above),Full formal dress uniforms for ceremonial parades and other special occasions . Regimental uniforms are normally not provided at public expense . All commissioned officers of the Regular Force are required to own mess dress within six months of being commissioned . Air Force members are permitted to continue wearing the unified CAF pattern of mess dress .,,,,
88,18,(same as above),"Full formal dress uniforms for ceremonial parades and other special occasions. No. 1 (Accoutrements): Service Dress (see below) uniform with medals and ceremonial accoutrements (swords, white web belts, gloves, etc.).",,,,
89,18,(same as above),"No 3 Service Dress becomes No 2B Mess Dress by replacing the shirt and tie with a white shirt and bow tie, or to No 1 Ceremonial Dress by the addition of ceremonial web or sword belts, gloves, and other accoutrements. 4 (Garrison) Dress"", which consisted of the old-style work dress pants, a disruptive-pattern jacket, a black web belt, a short-sleeve summer Service Dress shirt with the collar open and over the jacket collar, and high paratrooper-style garrison boots. The garrison dress uniform was not popular with the combat arms, as the boots were easily scuffed, especially when doing manual labour; the jacket was heavily lined and restrictive; the belt was designed to ride very high on the body and served no practical purpose.",,,,
90,18,(same as above),Full formal dress uniforms for ceremonial parades and other special occasions . No. 1 (Accoutrements) uniform with medals and ceremonial acc,,,,
91,19,"Glaciers are highly sensitive to alterations in temperature and precipitation, making them important indicators of climate change, and recognised as an essential climate variable within the Global Climate Observing System (GCOS) programme . In the last decades, the vast majority of glaciers worldwide have diminished in size and are expected to continue retreating, and % of glaciers are likely to disappear by 2100 regardless of the greenhouse gas emission scenario . This loss in glacier mass contributes significantly to rising sea levels accounting for approximately 25–30% of the observed increase since 1961 with regions such as Alaska, the Canadian Arctic, the periphery of Greenland, the Southern Andes, the Russian Arctic and Svalbard having the greatest shares . The projected rise in sea level from glaciers ( to millimetres sea level equivalent) poses a severe threat to millions of households predicted to be below high-tide lines by the end of the century . In addition, glacier run-off can compensate for seasons of low flow and offset water shortages during droughts . Glacier retreat affects hydroelectric power generation , drinking water quality, agricultural productivity , ecosystems and biodiversity and is related to glacial lake outburst floods with possibly devastating consequences , though their severity tends to diminish over time . Regularly updated glacier inventories, which track glacier area as one of the GCOS essential climate variable products , provide valuable information to measure, predict, mitigate or adapt to these challenges. Yet currently, the GCOS standards for estimating regional glacier area change in most glacierised regions on a decadal scale are not fulfilled . Furthermore, existing glacier inventories currently have several limitations. Regional and sub-regional inventories have restricted spatial coverage and lack consistency in the methods and principles employed for deriving glacier outlines. The global Randolph Glacier Inventory (RGI) has a limited temporal coverage with most glacier outlines mapped around the year 2000. It serves as a baseline dataset in many glaciological studies , but its use is limited when trying to understand temporal evolution and more recent changes . Similarly to the regional inventories, the Global Land Ice Measurements from Space (GLIMS) database, the largest inventory database and a superset of RGI, despite being global and multitemporal, suffers from data quality issues as it comprises a compilation of regional inventories with varying levels of accuracy and consistency. This makes it challenging to obtain a comprehensive and reliable view of glaciers worldwide at a multitemporal level . These limitations have significant scientific effects. Glaciologists who derive critical glacier products, such as ice surface velocities, ice thickness and geodetic mass balance, depend on accurate glacier outlines . Any inaccuracies in these outlines may propagate errors to downstream tasks affecting subsequent analyses and applications, e.g., global mass balance modelling studies . Moreover, glacier outlines serve as essential inputs for modelling efforts, allowing scientists to make informed assumptions about physical processes and to forecast the evolution of glaciers. The availability of consistent, multi-temporal glacier outlines, given they match or exceed the quality of existing inventories, would not only improve the accuracy of future glacier datasets and studies but would also offer a more reliable basis for calibrating glacier models to past periods. They will also lead to enhancements in glacier evolution model development, e.g., allowing for the incorporation of regularly updated glacier geometries into glacier dynamics models as well as the incorporation of calving dynamics of marine-terminating glaciers and a better representation of extreme changes in areas, e.g., via advances through glacier surges. Overall, we expect multiple methodological innovations which will enhance our ability to better constrain past and predict future glacier evolution. Producing consistent inventories, however, is a highly challenging and time-consuming task often requiring extensive visual interpretation and manual digitisation of satellite images by experts. Thus, a crucial long-term goal is to automate glacier mapping globally and across multiple time periods in a consistent manner.","Moreover, glacier outlines serve as essential inputs for modelling efforts, allowing scientists to make informed assumptions about physical processes and to forecast the evolution of glaciers. The availability of consistent, multi-temporal glacier outlines, given they match or exceed the quality of existing inventories, would not only improve the accuracy of future glacier datasets and studies but would also offer a more reliable basis for calibrating glacier models to past periods. They will also lead to enhancements in glacier evolution model development, e.g., allowing for the incorporation of regularly updated glacier geometries into glacier dynamics models as well as the incorporation of calving dynamics of marine-terminating glaciers and a better representation of extreme changes in areas, e.g., via advances through glacier surges.",,,,
92,19,(same as above),Glaciers are highly sensitive to changes in temperature and precipitation . They are recognised as an essential climate variable within the Global Climate Observing System,,,,
93,19,(same as above),"Glaciers are highly sensitive to alterations in temperature and precipitation, making them important indicators of climate change . In the last decades, the vast majority of glaciers worldwide have diminished in size and are expected to continue retreating . The projected rise in sea level from glaciers poses a severe threat to millions of households predicted to be below high-tide",,,,
94,19,(same as above),"Glaciers are highly sensitive to alterations in temperature and precipitation, making them important indicators of climate change, and recognised as an essential climate variable within the Global Climate Observing System (GCOS) programme . In the last decades, the vast majority of glaciers worldwide have diminished in size and are expected to continue retreating, and % of glaciers are likely to disappear by 2100 regardless of the greenhouse gas emission scenario . This loss in glacier mass contributes significantly to rising sea levels accounting for approximately 25–30% of the observed increase since 1961 with regions such as Alaska, the Canadian Arctic, the periphery of Greenland, the Southern Andes, the Russian Arctic and Svalbard having the greatest shares .",,,,
95,19,(same as above),"Glaciers are highly sensitive to alterations in temperature and precipitation, making them important indicators of climate change. In the last decades, the vast majority of glaciers worldwide have diminished in size and are expected to continue retreating. % of glaciers are likely to disappear by 2100 regardless of the greenhouse gas emission scenario.",,,,
96,20,"Since the invention of the internet and the rise in mobile computing, one-sided and two-sided matching markets have become an important part of the economy, driving innovation in the field of matching-based market design; see for a detailed overview. Prominent commercial examples of such markets include Google’s AdWords market (matching advertisers to user search queries), ride-hailing services (Uber, Lyft), food delivery (Doordash, Uber Eats), freelancing (Taskrabbit, Upwork), and vacation rentals (Airbnb, VRBO). Additionally, there are also many useful matching markets without monetary transfers which are the focus of this paper. Markets of this kind arise in a variety of scenarios where payments are impractical or even immoral. Well-known examples include the kidney donor market (matching kidney donors to transplant recipients), the National Resident Matching Program (matching doctors to hospitals), school choice (matching students to primary or secondary schools), and course allocation (matching students to courses). In what we call a one-sided matching market , we are simply given a set of goods and a set of agents with . Agents have preferences over the goods and each agent is to be assigned exactly one good. The goal is to design a mechanism that takes in the preferences of the agents and finds a perfect matching such that certain desirable properties—most notably efficiency, fairness, and incentive compatibility—are achieved. Since each agent must get exactly one good, it is generally not possible to assign indivisible goods in a fair way. For this reason, it is customary to study probability distributions—or lotteries —over matchings instead and to consider notions of ex-ante fairness, efficiency, etc. Such matching markets can be broadly distinguished into two classes based on the kind of preferences the agents have over the goods. In an ordinal-utility matching market, each agent represents their preferences via a total (or sometimes partial) order ≺ i ⊆ G 2 \prec_{i}\subseteq G^{2} , whereas in a cardinal-utility matching market, each agent has a vector of rational, non-negative utilities instead. Ordinal preferences are more restrictive which makes them easier to elicit and also makes it easier to design incentive compatible mechanisms for them. Several well-known mechanisms such as Probabilistic Serial ( ) and Random Priority ( ) have been developed in the ordinal setting. A significant limitation of ordinal preferences is their inability to express the magnitude to which an agent likes a certain good and this can lead to a significant loss of efficiency. For a simple example, consider a course allocation problem in which students rank courses that they wish to take. Student A ranks course 1 as 10/10 and course 2 as 1/10 whereas student B ranks course 1 as 10/10 and course 2 as 9/10. If there is only one remaining slot in each course, it makes sense to assign student A to course 1 and student B to course 2 in order to greatly increase the combined social welfare of the students. However, from the perspective of an ordinal mechanism, both students have identical preferences and the only reasonable solution is to randomly assign the students to the courses. In the previous example, we can improve the social welfare by using cardinal utilities, but this would come at the cost of envy-freeness: student A envies student B. provide an even stronger example of the power of cardinal utilities. There are instances with agents and goods in which all agents have identical ordinal preferences and, as such, the goods would be evenly distributed among the agents under any reasonable ordinal mechanism. But, remarkably, another allocation exists which is envy-free and improves the cardinal utilities of every agent by a factor of . Accordingly, cardinal utilities have found several applications in the real world. The popular fair division website Spliddit uses cardinal utilities for all of its tools to allow users to split goods, chores, rent, etc. among themselves in a fair and efficient way ( ).","The goal is to design a mechanism that takes in the preferences of the agents and finds a perfect matching such that certain desirable properties—most notably efficiency, fairness, and incentive compatibility—are achieved. A significant limitation of ordinal preferences is their inability to express the magnitude to which an agent likes a certain good and this can lead to a significant loss of efficiency. If there is only one remaining slot in each course, it makes sense to assign student A to course 1 and student B to course 2 in order to greatly increase the combined social welfare of the students.",,,,
97,20,(same as above),"In what we call a one-sided matching market, we are simply given a set of goods and agents with . Agents have preferences over the goods and each agent is to be assigned exactly one good . The goal is to design a mechanism that takes in the preferences of the agents and finds a perfect matching such that certain desirable properties",,,,
98,20,(same as above),"Since the invention of the internet and the rise in mobile computing, one-sided and two-sided matching markets have become an important part of the economy, driving innovation in the field of matching-based market design; see for a detailed overview. Prominent commercial examples of such markets include Google’s AdWords market (matching advertisers to user search queries), ride-hailing services (Uber, Lyft), food delivery (Doordash, Uber Eats), freelancing (Taskrabbit, Upwork), and vacation rentals (Airbnb, VRBO). Additionally, there are also many useful matching markets without monetary transfers which are the focus of this paper.",,,,
99,20,(same as above),One-sided matching markets have become an important part of the economy . They are based on the preferences of agents and the amount of money they,,,,
100,20,(same as above),"Since the invention of the internet, one-sided and two-sided matching markets have become an important part of the economy. Prominent commercial examples include Google’s AdWords market (matching advertisers to user search queries), ride-hailing services (Uber, Lyft), food delivery (Doordash, Uber Eats), freelancing (Taskrabbit, Upwork)",,,,
101,21,"LaVette was born in Muskegon, Michigan, and raised in Detroit. Unlike many of her contemporaries, she did not begin singing in the church, but in her parents' living room, singing R&B and country and western music. She was raised as a Catholic. She was signed by Johnnie Mae Matthews, a local record producer. In 1962, aged sixteen, she recorded a single, ""My Man – He's a Lovin' Man"", with Matthews: the disc was credited to Betty LaVett, the surname being ""borrowed"" from Sherma Lavette Anderson, the singer's friend who had introduced her to Matthews. Picked up by Atlantic Records, LaVette's disc became a major R&B hit over the fall and winter of 1963–64 – eventually reaching the R&B Top Ten – resulting in LaVette touring with such Atlantic Records R&B hitmakers as Clyde McPhatter, Ben E. King, Barbara Lynn, and rising star Otis Redding. After two overlooked single releases in 1963 and 1964, LaVette in 1965 returned to the R&B charts with ""Let Me Down Easy"" on Calla Records, her first release to be credited to Betty LaVette: the spelling of the singer's first name as Bettye would date from her 1977 Bubbling Brown Sugar gig. Though only a peripheral success with an R&B chart peak of No. 48, ""Let Me Down Easy"" afforded LaVette sufficient cachet to briefly tour with The James Brown Revue. After recording several singles for local Detroit labels, LaVette signed to the Silver Fox label in 1969. She cut a handful of tracks, including two Top 40 R&B hits: ""He Made A Woman Out Of Me"" and ""Do Your Duty"". The Memphis studio musicians on these recordings have since become known as The Dixie Flyers. In 1972, she signed once again with Atlantic/Atco. She was sent to Muscle Shoals Sound Studio in Alabama to record what was to be her first album. Titled Child of the Seventies, it was produced by Brad Shapiro and featured the Muscle Shoals Rhythm Section, now known as The Swampers, but Atco chose not to issue the album. The mid-1970s saw a brief stint and two 45s with Epic, and in 1978 LaVette released the disco smash on West End Records ""Doin' The Best That I Can"". In 1982, she was signed by her hometown label, Motown, and sent to Nashville to record. The resulting LP (her first album actually issued), titled Tell Me A Lie, was produced by Steve Buckingham. The first single, ""Right In The Middle (Of Falling In Love)"", hit the R&B Top 40. She briefly gave up recording for a six-year run in the Broadway smash Bubbling Brown Sugar, appearing alongside Honi Coles and Cab Calloway. After LaVette had played her personal mono recordings of Child of the Seventies for Gilles Petard, a French soul music collector, he sought the master recordings at Atlantic, whose personnel had previously thought they had been lost in a fire some years back. In 1999, he finally discovered the masters and then licensed the album from Atlantic and released it in 2000 as Souvenirs on his Art and Soul label. At the same time, Let Me Down Easy – Live in Concert was issued by the Dutch Munich label. Both albums sparked a renewed interest in LaVette and in 2003, A Woman Like Me (produced by Dennis Walker) was released. The CD won the 2004 W. C. Handy Award for ""Comeback Blues Album of the Year"". In an interview, LaVette identified A Woman Like Me as the first album in the second phase of her career and said her 2012 autobiography was named after the album. After she was signed to The Rosebud Agency for live bookings, Rosebud president Mike Kappus brought her to the attention of ANTI- president Andy Kaulkin. Upon seeing LaVette perform, Kaulkin signed her to a three-record deal. For the first project, he paired her with Joe Henry, and suggested an album of songs written entirely by women.","LaVette was born in Muskegon, Michigan, and raised in Detroit . She was raised as a Catholic and raised in the church",,,,
102,21,(same as above),"Picked up by Atlantic Records, LaVette's disc became a major R&B hit over the fall and winter of 1963–64 – eventually reaching the R&B Top Ten – resulting in LaVette touring with such Atlantic Records R&B hitmakers as Clyde McPhatter, Ben E. King, Barbara Lynn, and rising star Otis Redding. After two overlooked single releases in 1963 and 1964, LaVette in 1965 returned to the R&B charts with ""Let Me Down Easy"" on Calla Records, her first release to be credited to Betty LaVette: the spelling of the singer's first name as Bettye would date from her 1977 Bubbling Brown Sugar gig. In an interview, LaVette identified A Woman Like Me as the first album in the second phase of her career and said her 2012 autobiography was named after the album.",,,,
103,21,(same as above),"LaVette was born in Muskegon, Michigan, and raised in Detroit. Unlike many of her contemporaries, she did not begin singing in the church, but in her parents' living room, singing R&B and country and western music. She was raised as a Catholic.",,,,
104,21,(same as above),"LaVette was born in Muskegon, Michigan, and raised in Detroit. She was signed by Johnnie Mae Matthews, a local record producer. In 1962, aged 16, she recorded a single, ""My Man – He's a Lovin' Man"", with Matthews: the disc was credited to Betty LaVett, the surname being ""borrowed"" from Sherma Lavette Anderson.",,,,
105,21,(same as above),"LaVette was born in Muskegon, Michigan, and raised in Detroit . She was raised as a Catholic and grew up in Detroit, Michigan . In 1962, she recorded a single, ""My Man – He's a Lovin' Man"", with Johnnie Mae Matthews . Her disc became a major R&B hit",,,,
106,22,"The classical way of measuring the performance of predictive systems only on held-out data has been identified as inadequate to fully reflect the complexities of real-world use cases , where it may be required that an algorithm fulfills additional properties that are not sufficiently reflected by reporting average performance metrics such as accuracy on the held-out data. States, companies, and non-profit organizations have formulated ethical principles and high-level guidelines for AI . Laws and regulations are being formulated to make adherence to such principles legally binding . The EU legal framework for AI requires certification of AI systems on the basis of such laws. However, the details of such regulations are often (implicitly) relegated to standardization organizations (e.g., DIN, ETSI, ISO, NIST ), and since laws on regulating AI are very recent (or still in the making) there is little experience in how to translate the higher-level principles into low-level evaluation scenarios. High-level guidelines may be formalized narrowly into concrete specifications and metrics, a process that requires making assumptions— what aspects of the underlying goal should be measured and how should they be measured—that can introduce mismatches between high-level principles and their measurements . Moreover, an aspect that has not received enough attention is the question of what role the outcome of an evaluation w.r.t. additional specifications should play in the larger development cycle of AI systems. Most scientific publications (as we will show in our analysis) discussing the use of additional specification metrics for AI systems do not address the question of whether those additional feedback metrics can and should be used during system development and little research has been undertaken to study the effects of considering specification metrics in AI system development. As a step towards raising awareness of those questions, we provide a comprehensive first overview of papers that consider additional specification metrics, and we catalog the training and evaluation setups that are common when measurements of additional requirements are included in AI and ML scenarios. There is a long tradition of discussing the potential of unintended consequences and misalignment of goals for AI systems . Recently, discusses the sacrifices and pitfalls of translating open-ended and qualitative questions into quantitative machine learning settings. However, those works do not discuss how current AI research deals with competing objectives and possible feedback loops that include measurements of additional specifications. Similarly, work on testing in ML and AI, e.g., , studies different properties that ML and AI systems can be evaluated for and different ways to do it, but there is no guidance on how to integrate different metrics in the AI development process. Work on underspecification in AI has shown how equivalent predictors —with the same test set task accuracy—can exhibit widely different behaviors on single instances or for properties not reflected in the held-out data. remark that one should use specifications to enforce desired behaviors and use them to select systems in such cases, but they do not discuss how to resolve disagreements between different specifications and how to prevent overfitting to specifications (see below). Our study is the first to define specification overfitting , the case of overfitting to desirable outcomes specified additionally besides the task metric. Whereas misalignment and underspecification concern the specification of a faulty main objective and the failure to specify additional desirable properties, specification overfitting describes a scenario where specification metrics improve to the detriment of the main task metric or other specifications. For this, we are the first to comprehensively categorize common practices in scenarios with specification metrics, i.e., different, possibly competing measurements of additional properties besides the main task metric (e.g., accuracy on identically and independently distributed held-out data). We cover papers from several fields, including NLP, computer vision, and reinforcement learning, and we provide a quantitative and qualitative analysis of the methods and recommendations in those papers.","The classical way of measuring the performance of predictive systems only on held-out data has been identified as inadequate to fully reflect the complexities of real-world use cases , where it may be required that an algorithm fulfills additional properties that are not sufficiently reflected by reporting average performance metrics such as accuracy on the held-out data. States, companies, and non-profit organizations have formulated ethical principles and high-level guidelines for AI . Laws and regulations are being formulated to make adherence to such principles legally binding .",,,,
107,22,(same as above),The EU legal framework for AI requires certification of AI systems on the basis of such laws . But the details of such regulations are often relegated to,,,,
108,22,(same as above),"The classical way of measuring the performance of predictive systems only on held-out data has been identified as inadequate to fully reflect the complexities of real-world use cases. States, companies, and non-profit organizations have formulated ethical principles and high-level guidelines for AI. There is no guidance on how to integrate different metrics in the AI development process.",,,,
109,22,(same as above),The EU legal framework for AI requires certification of AI systems on the basis of such laws . The details of such regulations are often (implicitly) relegated to standardization organizations . Since laws on regulating AI are very recent (or still in the making) there is little experience in how to translate higher-level principles into low-level evaluation scenarios,,,,
110,22,(same as above),"Most scientific publications (as we will show in our analysis) discussing the use of additional specification metrics for AI systems do not address the question of whether those additional feedback metrics can and should be used during system development and little research has been undertaken to study the effects of considering specification metrics in AI system development. Similarly, work on testing in ML and AI, e.g., , studies different properties that ML and AI systems can be evaluated for and different ways to do it, but there is no guidance on how to integrate different metrics in the AI development process. For this, we are the first to comprehensively categorize common practices in scenarios with specification metrics, i.e., different, possibly competing measurements of additional properties besides the main task metric (e.g., accuracy on identically and independently distributed held-out data).",,,,
111,23,"Elisabeth Curtis was born in San Francisco in 1865 to parents Charlotte Agnes Kidder and James Marvin Curtis. Growing up in San Francisco, she showed an interest in art at a young age. She was friends with Kathleen Thompson, later Kathleen Norris, during her childhood. She had a younger sister, Helen Curtis, who sometimes posed for her art. Her aunt Mary Curtis Richardson was a prominent portrait painter who encouraged her art-making, and her uncle was Benoni Irwin. Elisabeth, also known as ""Bessie"", was a painter of portraits, miniatures, figures, and landscapes. Early on in her art career, she established studios in both San Francisco and Bolinas, California. In 1885, she was a founding member of the San Francisco Art Student's League, where she also taught. She met fellow artist Cornelius Denis ""Neely"" O'Sullivan at her studio in the League, becoming close with him while they studied art. She left San Francisco in 1892, with plans to study in Europe for a year with other members from the Art Student's League, Laura Voormand and Julia Heynemann. While in Europe, she married Denis O'Sullivan on 4 May 1893 in London. She then returned to San Francisco after her year abroad and exhibited her work at her old studio space in the Art Student's League. She exhibited her oil paintings at the California Midwinter International Exposition of 1894 and her work in 1898 at the Mark Hopkins Institute of Art in San Francisco. For part of the 1890s, she lived in Holland and painted local subjects, including Dutch children. She returned to San Francisco by 1895, bringing back the artwork she made while abroad. During her life, she lived between California and Europe. Eventually her and her husband moved to England, mainly living in London after their marriage. Together they had a daughter, Bridgid O'Sullivan, and two sons, Terence O'Sullivan and Curtis O'Sullivan. Her husband became a well-known opera singer, and she became a stage manager, her husband's business manager, and a playwright. She wrote under the pseudonym Patrick Bidwell, including for the 1904 musical, Peggy Machree. Its music was arranged by Michele Esposito, and the play successfully toured Britain—including London—and the British Isles. The tour ended when O'Sullivan's husband died in 1908, but the musical later continued on to a Broadway production. Once World War I started, O'Sullivan turned towards relief efforts while she lived in London. Fluent in Flemish, she began to work as a Flemish interpreter after the Siege of Antwerp. Her home became a refuge and makeshift hospital as part of her work during the war. She collaborated with her previous colleague from the Art Student's League, Julia Heynemann, for the war relief efforts. While O'Sullivan worked in London, Heynemann established ""California House"", a parallel relief organization in California. O'Sullivan traveled back to San Francisco around late 1916 or early 1917. She lived in the city for at least a two years while her daughter attended school. While in California, she organized hospitality services and events for military members. She was active in the Serbian war relief efforts and helped organize an art exhibit as part of the local Serbian Relief Committee. O'Sullivan continued to write, both books and for the theater. She was the editor and compiler of Harry Butters, R. F. A., Life and Letters, a war book based on letters from the life of a British army officer. She wrote the 1920 books, Mr. Dimmock (1920), which covered Serbia after the war as part of its plot, and Double Dealing. She began writing the libretto for an opera in 1923, with composer Harold Samuel. By 1924, O'Sullivan planned to move out of the United States permanently. In 1939, she exhibited at the Golden Gate International Exposition. She died due to an accident on 16 June 1951, at the age of 85.","She left San Francisco in 1892, with plans to study in Europe for a year with other members from the Art Student's League, Laura Voormand and Julia Heynemann. She then returned to San Francisco after her year abroad and exhibited her work at her old studio space in the Art Student's League. She exhibited her oil paintings at the California Midwinter International Exposition of 1894 and her work in 1898 at the Mark Hopkins Institute of Art in San Francisco.",,,,
112,23,(same as above),"Elisabeth Curtis, also known as ""Bessie"", was a painter of portraits, miniatures, figures, and landscapes. She was a founding member of the San Francisco Art Student's League, where she also taught. She married Denis O'Sullivan in 1893, and the couple moved to England. She wrote under the pseudonym Patrick Bidwell, including for the 1904 musical, Peggy Machree.",,,,
113,23,(same as above),"Elisabeth Curtis was a painter of portraits, miniatures, figures, and landscapes . She was a founding member of the San Francisco Art",,,,
114,23,(same as above),"Elisabeth Curtis was a painter of portraits, miniatures, figures, and landscapes . In 1885, she was a founding member of the San Francisco Art Student's League . She left San Francisco in 1892 to study in Europe for a year with other members from",,,,
115,23,(same as above),"Elisabeth Curtis was born in San Francisco in 1865 to parents Charlotte Agnes Kidder and James Marvin Curtis. Growing up in San Francisco, she showed an interest in art at a young age. She was friends with Kathleen Thompson, later Kathleen Norris, during her childhood.",,,,
116,24,"Fossil fuels, including coal, oil and natural gas, have long been the world’s dominant sources of energy. Their fast depletion as well as their overall impact in global warming , due to the emission of greenhouse gases, has led to the rapid increase in the exploitation of renewable energy sources, such as solar and wind energy, hydropower, geothermal energy and bioenergy. In recent years, solar radiation and wind have emerged as two major Renewable Energy Sources (RES), each accounting for a quarter of the total RES energy output . Two major drawbacks, encountered on both RES types, are that the corresponding power generation is variable and non-dispatchable , i.e., the power generation output cannot (or have limited ability to) be adjusted to match the electricity demand. The integration of those RES types into existing power systems is mainly determined by: (i) the temporal variability of the output power from renewable energy generation stations and (ii) the accuracy of forecasts for the variable generation. Fluctuations in total non-dispatchable power generation along with fluctuations in the total power demand, require the in-parallel use of conventional dispatchable power generation methods on different time scales. Accurate forecasting of RES power generation and the electric load demand , can effectively mitigate the related uncertainties, contributing positively to the planning, management and operation of energy systems and thus achieving a lower level of use for conventional power generation methods. Accurate renewable energy generation forecasting is a challenging task due to the intermittent and random nature of renewable energy data. Methods addressing the RES forecasting problem, can be mostly categorized as physical, statistical, machine learning and hybrid. Physical forecasting methods focus on energy forecasting based on Numerical Weather Predictions (NWPs) and physical principles regarding the installed photovoltaic (PV) cells or wind turbines as well as the corresponding geographic formation. Physical methods do not require historical (past) information regarding energy generation. Statistical forecasting methods, such as Autoregressive (AR) models and Markov chain models , aim to establish a mapping relationship between past-time and future-time energy generation time-series. Machine learning forecasting models, also referred as intelligent forecasting models in the literature, such as neural networks and Support Vector Machines (SVMs) , attempt to establish a mathematical relationship between input and output through curve fitting and parameter optimization techniques . Hybrid methods incorporate a combination of different types of methods. Based on the manifestation of the forecasting results, RES forecasting methods can also be categorized as deterministic or probabilistic . Deterministic methods output single-valued energy generation predictions for each time-step of the forecasting window. Probabilistic methods provide a wider view of possible energy generation outputs expressed as quantiles, prediction intervals (PIs), and distributions. Finally, RES forecasting methods can also be categorized based on the time horizon of the forecasting window. According to the relevant literature, the methods can be split into four categories ; ultra-short-term, short-term, medium-term, and long-term forecasting. However, these categories often remain ambiguous since no universally agreed classification criterion exists. Thus, the terms intra-hour, intra-day, day-ahead and week-ahead forecasting / prediction are more commonly encountered in order to describe the forecast horizon in a more precise way. Our work, focuses mainly on deterministic machine learning-based wind and solar energy forecasting approaches at power station level, that utilize weather data along with past-time energy measurements, as input. Specifically, we introduce a deterministic forecasting method for a such scenario, capable to simultaneously generate multi-step (i.e., for multiple time instances) energy production forecasts for a given set of power stations. In particular, we employ a U-shaped Temporal Convolutional Auto-Encoder (UTCAE) for temporal processing of weather and energy data across each site. The motivation behind this choice is to enrich the representations of a given time-series, by exploring patterns across various temporal resolutions, thus capturing both global and local contextual information.","Fossil fuels, including coal, oil and natural gas, have long been the world’s dominant sources of energy. Their fast depletion as well as their overall impact in global warming , due to the emission of greenhouse gases, has led to the rapid increase in the exploitation of renewable energy sources, such as solar and wind energy, hydropower, geothermal energy and bioenergy. In recent years, solar radiation and wind have emerged as two major Renewable Energy Sources (RES), each accounting for a quarter of the total RES energy output .",,,,
117,24,(same as above),"In recent years, solar radiation and wind have emerged as two major Renewable Energy Sources (RES), each accounting for a quarter of the total RES energy output . Accurate forecasting of RES power generation and the electric load demand , can effectively mitigate the related uncertainties, contributing positively to the planning, management and operation of energy systems and thus achieving a lower level of use for conventional power generation methods. Accurate renewable energy generation forecasting is a challenging task due to the intermittent and random nature of renewable energy data.",,,,
118,24,(same as above),"Solar radiation and wind have emerged as two major Renewable Energy Sources . Two major drawbacks, are that the corresponding power generation is variable and non-dispatchable . The power generation output cannot (or have limited ability to) be adjusted to match the electricity demand . The integration of those RES types into existing power systems is mainly determined",,,,
119,24,(same as above),"Fossil fuels, including coal, oil and natural gas, have long been the world’s dominant sources of energy. Solar radiation and wind have emerged as two major Renewable Energy Sources (RES), each accounting for a quarter of the total RES energy output. Accurate forecasting of RES power generation and the electric load demand can effectively mitigate the related uncertainties.",,,,
120,24,(same as above),Solar radiation and wind have emerged as two major Renewable Energy Sources . The two types account for a quarter of the total RES energy output .,,,,
121,25,"He was born on April 3, 1935, in the Ōmiya (now in the city of Saitama), Saitama Prefecture, Japan, in a Buddhist family. While studying in elementary school, he attended the Holy Resurrection Cathedral (nikorai-dō) in Tokyo to listen to Eastern Orthodox hymns. Nagashima Shinji began to attend an educational missionary circle, and in 1952 he was baptized with the name Basil. Nagashima's father and two brothers also converted to Orthodoxy. After completing his secondary education, he was preparing to enter university, but conversion to Orthodoxy changed his views, and in 1954 he entered the newly revived Tokyo Theological Seminary. On February 5, 1958, together with other seminarians, he founded the religious magazine ""The Way"" (""michi""). Although the magazine ceased publication after four issues, it served as the beginning of Nagashima's writing and publishing works. After graduating from the seminary in 1958, Basil Nagashima was sent as a catechist to the church in the name of the Great Martyr Demetrius of Thessalonica in the city of Yamato. At the same time, he assumed the duties of editor of the official Japanese church newspaper Orthodox Bulletin (seikyō jihō). After that, he served as a catechist in the Kanda district church (Tokyo) for two years, and in July 1962 he was transferred to the Apostle James Church in Kagoshima City. Here he continued his catechetical ministry, often visiting the remote borders of Kyushu Island with missionary visits. In 1964 Bishop Vladimir (Nagosky) ordained catechist Basil a deacon and soon a presbyter. While in Kyushu, Fr. Basil began to express a desire to become a monk, and in July 1965 Bishop Vladimir sent him to the United States for obedience to St. Tikhon's Monastery in South Canaan, Pennsylvania, where Saint Tikhon's Orthodox Theological Seminary also located. From America, the priest Basil wrote to Bishop Vladimir that he had strengthened his desire to become a monk; nevertheless, in July 1967, he was recalled to Japan and returned to serve at the church in Kagoshima City. By 1969, when the Orthodox Church in Japan was on the verge of gaining autonomy, it became necessary to elect bishops from the Japanese. On October 19, at an extraordinary meeting on this issue, two candidates were elected – Hierodeacon Seraphim (Sigrist) and priest Basil (Nagashima), who, obeying the will of the Church, took vows with the name Theodosius in honor of St. Theodosius of Chernigov. On November 2, 1969, in accordance with the decision of the Bishops' Council of the Northern American Metropolis, Archimandrite Theodosius was consecrated Bishop of Kyoto. The consecration was performed by Archbishop John (Shakhovskoy) of San Francisco and Bishop Vladimir (Nagosky) of Tokyo. The structure and administrative institutions of the autonomous Church were determined at two Councils in 1970 – the annual July Council and the Extraordinary Council on November 15–16. In accordance with the Patriarchal Tomos, three dioceses were established in the Japanese Church: Archdiocese of Tokyo, headed by the primate; the Diocese of Western Japan centered in Kyoto, headed by Bishop Theodosius, and the Diocese of Eastern Japan centered in Sendai On February 10, 1972, Metropolitan Vladimir (Nagosky) sent a notice to the Japanese clergy about his resignation from the post of primate of the Japanese Orthodox Church, at the same time sending a petition for admission to the number of bishops of the Orthodox Church of America. He appointed Bishop Theodosius (Nagashima) of Kyoto as the locum tenens of the Church. The issue of electing a new primate turned out to be difficult: the most relevant candidate, Bishop Theodosius, has not yet gained proper authority among the clergy and believers, and therefore the Japanese leadership of the Church, headed by Fr. Basil Takeoka began to openly speak out against the election of a new primate, offering to grant all powers to the Metropolitan Council. The issue of replacing the see of Tokyo was resolved at an extraordinary Council on March 19, 1972.","Basil Nagashima was born on April 3, 1935, in the Ōmiya (now in the city of Saitama) Prefecture, Japan, in a Buddhist family. He converted to Orthodoxy in 1952, and in 1954 he entered the newly revived Tokyo Theological Seminary. He founded the religious magazine ""The Way"" in 1958, which served as the beginning of his writing works.",,,,
122,25,(same as above),"After that, he served as a catechist in the Kanda district church (Tokyo) for two years, and in July 1962 he was transferred to the Apostle James Church in Kagoshima City. From America, the priest Basil wrote to Bishop Vladimir that he had strengthened his desire to become a monk; nevertheless, in July 1967, he was recalled to Japan and returned to serve at the church in Kagoshima City. In accordance with the Patriarchal Tomos, three dioceses were established in the Japanese Church: Archdiocese of Tokyo, headed by the primate; the Diocese of Western Japan centered in Kyoto, headed by Bishop Theodosius, and the Diocese of Eastern Japan centered in Sendai On February 10, 1972, Metropolitan Vladimir (Nagosky) sent a notice to the Japanese clergy about his resignation from the post of primate of the Japanese Orthodox Church, at the same time sending a petition for admission to the number of bishops of the Orthodox Church of America.",,,,
123,25,(same as above),"Basil Nagashima Shinji was born on April 3, 1935, in Saitama Prefecture, Japan, in a Buddhist family . In 1954, he entered the newly revived Tokyo Theological Seminary and founded the religious magazine ""The Way"" He was sent as a catechist to the church in the name of the",,,,
124,25,(same as above),"He was born on April 3, 1935, in the Ōmiya (now in the city of Saitama), Saitama Prefecture, Japan, in a Buddhist family. While studying in elementary school, he attended the Holy Resurrection Cathedral (nikorai-dō) in Tokyo to listen to Eastern Orthodox hymns. Nagashima Shinji began to attend an educational missionary circle, and in 1952 he was baptized with the name Basil.",,,,
125,25,(same as above),"Basil Nagashima Shinji was born in Saitama Prefecture, Japan, in 1935 . He was born in Saitama Prefecture",,,,
126,26,"With new opportunities emerging with mixed reality, smart homes, and other connected technologies, modern-day human-computer interaction is rapidly evolving . As we increasingly engage within ubiquitous computing environments (i.e., computing anywhere and everywhere), there is a renewed need for always-available inputs that are both reliable and robust. Myoelectric control, which involves the recognition of muscle-based inputs (or gestures) via the electromyogram (EMG) signals generated during muscular contractions , is an attractive solution due to its potential intuitiveness, subtlety, and ability to work in real-world scenarios where other technologies may not . By leveraging machine learning to extract distinctive patterns of muscle activity to predict gestural intent , EMG has the potential to unlock many interesting and unique interaction opportunities. Despite its history of success within the prosthetics community , the use of myoelectric control for human-computer interaction (HCI) as a general-purpose input modality only materialized in the early 2000s . In this early exploration period, most HCI researchers embraced the best practices for myoelectric control as established over decades by the prosthetics community . The issue, however, is that these control schemes, initially designed for the continuous micro-adjustment of a prosthetic limb, fundamentally differ from those required for general-purpose ubiquitous use cases. Correspondingly, there has been a prevailing perception that myoelectric control lacks the robustness required for real-world general-purpose use, often being characterized as an “imprecise” input modality . A fundamental distinction between myoelectric control for powered prostheses and general-purpose input is the difference between dedicated and on-demand input. Dedicated control refers to a system that is always classifying EMG as input intent, often with an ‘other’ or ‘no movement’ class acting as a ‘do nothing’ command. Controlling a prosthetic device often assumes dedicated continuous control , where individuals constantly adjust their prosthesis based on predictions occurring on milliseconds worth of data . In these cases, the classification problem is considered to be closed-set , where the EMG inputs to the system are assumed to correspond to one of the classes used for training. The closed-set continuous control assumption is a seemingly appropriate approach for prosthesis control because amputees primarily engage in dedicated single-task device control; that is, it is assumed that they only activate the muscles of their residual limb to control the prosthesis. In turn, the prosthesis is always on, ready to be controlled, and there is no other task to be performed. This is not always the case for a user of a ‘general purpose’ myoelectric control system, where intermittent control is often desirable. For example, imagine controlling a slideshow with an EMG device and stopping to type on the keyboard to bring up a website to show the audience. In this situation, typing on the keyboard might produce muscle inputs that are unexpected in the closed-set, inadvertently advancing the slide deck. So, a dedicated control scheme in these settings precludes the ability for users to perform additional activities without worrying about inadvertent activations, an essential requirement for any ubiquitous input technology. A highly desirable characteristic of general-purpose myoelectric control would be to enable situational input in ubiquitous environments. For example, controlling a music player while walking to work, subtly accessing information on a mixed-reality display while in the grocery store, or dismissing a phone call while driving . However, the dedicated and continuous myoelectric control schemes previously explored in the HCI literature (e.g., ) have struggled to offer such capabilities. To realize the required level of robustness, on-demand myoelectric control may offer promise through the intentional activation and deactivation of a dedicated control mode. Toward this goal, an on-demand myoelectric control system based on wake gestures is proposed, designed, and evaluated. Similar to the now familiar wake words “Hey Google” or “Hey Siri”, a widely familiar gesture—a finger snap—is identified as a toggle to easily transition between modes.","Myoelectric control involves the recognition of muscle-based inputs (or gestures) via the electromyogram (EMG) signals generated during muscular contractions . This is an attractive solution due to its potential intuitiveness, subtlety, and ability to work in real-world scenarios where other technologies may not .",,,,
127,26,(same as above),"With new opportunities emerging with mixed reality, smart homes, and other connected technologies, modern-day human-computer interaction is rapidly evolving . As we increasingly engage within ubiquitous computing environments (i.e., computing anywhere and everywhere), there is a renewed need for always-available inputs that are both reliable and robust. Myoelectric control, which involves the recognition of muscle-based inputs (or gestures) via the electromyogram (EMG) signals generated during muscular contractions , is an attractive solution due to its potential intuitiveness, subtlety, and ability to work in real-world scenarios where other technologies may not .",,,,
128,26,(same as above),"Myoelectric control, which involves the recognition of muscle-based inputs (or gestures) via the electromyogram (EMG) signals generated during muscular contractions , is an attractive solution due to its potential intuitiveness, subtlety, and ability to work in real-world scenarios where other technologies may not . A fundamental distinction between myoelectric control for powered prostheses and general-purpose input is the difference between dedicated and on-demand input. The closed-set continuous control assumption is a seemingly appropriate approach for prosthesis control because amputees primarily engage in dedicated single-task device control; that is, it is assumed that they only activate the muscles of their residual limb to control the prosthesis.",,,,
129,26,(same as above),Myoelectric control involves the recognition of muscle-based inputs (or gestures) via the electromyogram (EMG) signals generated,,,,
130,26,(same as above),"Myoelectric control involves the recognition of muscle-based inputs (or gestures) via the electromyogram (EMG) signals generated during muscular contractions. By leveraging machine learning to extract distinctive patterns of muscle activity to predict gestural intent , EMG has the potential to unlock many interesting and unique interaction opportunities.",,,,
131,27,"A career diplomat, Lyle Lane joined the United States Foreign Service in 1952. His overseas postings include: International Affairs Adviser. In Ambassador Lane's final post he served as International Affairs Adviser to the Commander-in-Chief of U.S. Atlantic Command (CINCLANT) and NATO's Supreme Allied Commander Atlantic (SACLANT) Admiral Wesley L. McDonald (1982-1985) United States Ambassador to Paraguay (1980–82) United States Ambassador to Uruguay (1979–80) First Head of Mission to United States Interests Section in Havana (1977–79) United States Deputy Chief of Mission and later Chargé d'affaires to Peru (1976–77) United States Deputy Chief of Mission and later Chargé d'affaires to Costa Rica (1972–76) Regional Office of Central American Projects (ROCAP) Guatemala (1966–68) United States Principal Officer of Consulate, Cebu, Philippines (1962–66) United States Diplomatic Political Officer and Aid to Ambassador John Davis Lodge, Madrid, Spain (1955–59) United States Consul, Guayaquil, Ecuador (1953–55) Ambassador Lane received degrees from University of Washington (B.S. 1950), University of California at Berkeley (1962) and George Washington University (M.S. 1969). At U.W. he was a member of Chi Phi fraternity. The US broke diplomatic relations with Cuba on January 3, 1961, formally due to a disagreement about staffing levels at the respective Embassies. U.S. President Dwight D. Eisenhower stated at the time, ""There is a limit to what the United States in self-respect can endure. That limit has now been reached"". Protective powers were appointed to represent each country in the capital of the other. The US was represented by Switzerland in Havana, and the Cubans by Czechoslovakia in Washington. These offices, sections of the respective embassies, were staffed by Swiss and Czechoslovak diplomats. US and Cuban Interests Sections staffed by actual US and Cuban diplomats were mutually agreed upon in 1977 after the Carter Administration took office and decided to seek normalization of relations with Cuba. US officials replaced the Swiss in the US Interests Section in Havana on September 1, 1977. Both under the Swiss and later with US staff, the Section has occupied the former United States Embassy building on Havana's Malecon which was designed by Harrison & Abramovitz architects and originally entered into service in 1953. When relations were broken in 1961, the building was occupied, and its contents safeguarded, by the Swiss Embassy personnel who handled US Interests in Cuba on behalf of the US Government as the protecting power until the arrival of the US staff in 1977. The Swiss staff included some of the Foreign Service national employees (Cuban citizens) who were working at the US Embassy when relations were broken. Sixteen years later, when the US Government resumed its presence, many of them remained and resumed their direct employment. Most of the local hires employed by the Swiss also continued their employment. New hires were obtained through CUBALSE, the Cuban Government enterprise that serviced diplomatic missions. The initial American staffing of the Section consisted of ten State Department Officials and a plain clothes US Marine guard detachment. By mutual agreement, the Cubans had an equal number of staff in Washington. Lyle Franklin Lane was the first Chief of the Interests Section in Havana. Our Man in Havana Finds Some Things the Same:HAVANA, Aug. 31 (AP) The first United States diplomat to set up shop in Cuba in more than 16 years toured the old American Embassy today and found it a storehouse of 1950's nostalgia Scholarly U.S. Diplomat; Lyle Franklin Lane:In describing Lyle Lane, who opened Washington's first permanent diplomatic mission in Havana in 16 years yesterday, colleagues and friends spoke foremost of his discretion","Lyle Franklin Lane was the first Chief of the Interests Section in Havana. The US broke diplomatic relations with Cuba on January 3, 1961. Lane received degrees from University of Washington (B.S. 1950), University of California at Berkeley (1962) and George Washington University (M.W. 1969)",,,,
132,27,(same as above),"Lyle Franklin Lane was the first U.S. diplomat to set up shop in Cuba in more than 16 years . He served as International Affairs Adviser to the Commander-in-Chief of U.s. Atlantic Command and NATO's Supreme Allied Commander Atlantic . Lane received degrees from University of Washington, University of California at Berkeley",,,,
133,27,(same as above),Lyle Franklin Lane was the first U.S. diplomat to set up shop in Cuba in more than 16 years . He was the first,,,,
134,27,(same as above),"A career diplomat, Lyle Lane joined the United States Foreign Service in 1952. His overseas postings include: International Affairs Adviser. In Ambassador Lane's final post he served as International Affairs Adviser to the Commander-in-Chief of U.S. Atlantic Command (CINCLANT) and NATO's Supreme Allied Commander Atlantic (SACLANT) Admiral Wesley L. McDonald (1982-1985) United States Ambassador to Paraguay (1980–82) United States Ambassador to Uruguay (1979–80) First Head of Mission to United States Interests Section in Havana (1977–79) United States Deputy Chief of Mission and later Chargé d'affaires to Peru (1976–77) United States Deputy Chief of Mission and later Chargé d'affaires to Costa Rica (1972–76) Regional Office of Central American Projects (ROCAP) Guatemala (1966–68) United States Principal Officer of Consulate, Cebu, Philippines (1962–66) United States Diplomatic Political Officer and Aid to Ambassador John Davis Lodge, Madrid, Spain (1955–59) United States Consul, Guayaquil, Ecuador (1953–55) Ambassador Lane received degrees from University of Washington (B.S.",,,,
135,27,(same as above),"In Ambassador Lane's final post he served as International Affairs Adviser to the Commander-in-Chief of U.S. Atlantic Command (CINCLANT) and NATO's Supreme Allied Commander Atlantic (SACLANT) Admiral Wesley L. McDonald (1982-1985) United States Ambassador to Paraguay (1980–82) United States Ambassador to Uruguay (1979–80) First Head of Mission to United States Interests Section in Havana (1977–79) United States Deputy Chief of Mission and later Chargé d'affaires to Peru (1976–77) United States Deputy Chief of Mission and later Chargé d'affaires to Costa Rica (1972–76) Regional Office of Central American Projects (ROCAP) Guatemala (1966–68) United States Principal Officer of Consulate, Cebu, Philippines (1962–66) United States Diplomatic Political Officer and Aid to Ambassador John Davis Lodge, Madrid, Spain (1955–59) United States Consul, Guayaquil, Ecuador (1953–55) Ambassador Lane received degrees from University of Washington (B.S. Both under the Swiss and later with US staff, the Section has occupied the former United States Embassy building on Havana's Malecon which was designed by Harrison & Abramovitz architects and originally entered into service in 1953. When relations were broken in 1961, the building was occupied, and its contents safeguarded, by the Swiss Embassy personnel who handled US Interests in Cuba on behalf of the US Government as the protecting power until the arrival of the US staff in 1977.",,,,
136,28,"Knowledge Graphs (KGs) are collections of real-world factual knowledge represented as RDF triples. A set of such triples typically constitutes a multi-relational graph with entities as nodes and relations as edges. The entities and relations often have rich textual information as their names and descriptions. In recent years, KGs have been valuable resources in a variety of knowledge-intensive applications, such as question answering, search engines, and recommender systems. Despite the increasing use, KGs often suffer from incompleteness with a high ratio of plausible facts missing . Knowledge Graph Completion (KGC) is then proposed to find these missing facts using the existing facts and/or external resources. With the graph structure implied by triples, a large part of KGC methods uses KG embedding (KGE) techniques to encode the KG entities and relations into a vector space with their semantics like neighborhood graph patterns concerned, so that the missing facts can be inferred by their vector representations (a.k.a. embeddings) . We call them structure -based methods (see Section for more details). Besides the graph structure, there are also some methods exploiting the text of the entities and relations as additional information for prediction, but methods of this type proposed before 2021 such as DKRL (see their review ) use non-contextualized text embeddings such as Word2Vec to encode the text, which specify a token a unique embedding and cannot fully capture its meaning in the context. Recently, Pre-trained Language Models (PLMs) such as BERT , which encode the text with the tokens’ contexts considered, have achieved great success in natural language processing (NLP), and they have been applied to KGC. The methods often represent entities and relations using their textual information, view KGC as an NLP downstream task, and fine-tune PLMs to infer the missing facts. For example, KG-BERT takes as input a triple’s whole text, encodes the text with BERT, and feeds the text encoding into a classifier to predict its plausibility (score); KGT5 leverages the Seq2Seq PLM framework to directly generate a triple’s missing part conditioned on its other two known parts. We call the methods that utilize the textual information with some PLMs as PLM -based. The challenge of these methods thus lies in incorporating the graph structure simultaneously. Several efforts have been made in this direction. For example, StAR and LASS further forward the PLM-based text encoding to a KGE model to fine-tune the PLM and learn the structure embeddings jointly. However, fine-tuning the PLM is (i) costly in both computation and storage, limiting the applicability to larger models, and (ii) more prone to overfit and forget the knowledge e.g. linguistic inherence learned during pre-training, in many cases limiting the performance . Meanwhile, a more efficient technology of using PLMs named prompt-tuning has arisen: adapting the PLM directly as a downstream task predictor by adding (learnable) task-specific prompts on the input side without fine-tuning the PLM . For example, the prompt “It was [MASK] ” prepended to the input sentence “No reason to watch it.” formulates a binary sentiment classification task as the masked token prediction which is one of the pre-training tasks of LMs e.g. BERT. In general, such prompts on the one hand reduce the task gap between language modeling and downstream tasks with more generalization gains from PLMs, and on the other hand allow to freeze the PLMs with fewer parameters to tune. Although prompt-tuning has been applied to various fields including NLP , computer vision , protein design , etc, relatively few attempts have been proposed for KGC. The only one we know is CSProm-KG , which uses a frozen PLM to incorporate the textual information into a KG’s structural embeddings through structure-aware soft prompts, and then feeds the enhanced structural embeddings into a KGE model to predict the triple. However, the proposed structure-aware soft prompt is still quite preliminary and the whole method neglects the potential of the PLM for triple prediction.","With the graph structure implied by triples, a large part of KGC methods uses KG embedding (KGE) techniques to encode the KG entities and relations into a vector space with their semantics like neighborhood graph patterns concerned, so that the missing facts can be inferred by their vector representations (a.k.a. Besides the graph structure, there are also some methods exploiting the text of the entities and relations as additional information for prediction, but methods of this type proposed before 2021 such as DKRL (see their review ) use non-contextualized text embeddings such as Word2Vec to encode the text, which specify a token a unique embedding and cannot fully capture its meaning in the context. The methods often represent entities and relations using their textual information, view KGC as an NLP downstream task, and fine-tune PLMs to infer the missing facts.",,,,
137,28,(same as above),Knowledge Graph Completion (KGC) is proposed to find missing facts using existing facts and/or external resources . KGC methods use K,,,,
138,28,(same as above),Knowledge Graphs (KGs) are collections of real-world factual knowledge represented as RDF triples. A set of such triples typically constitutes a multi-relational graph with entities as nodes and relations as edges. The entities and relations often have rich textual information as their names and descriptions.,,,,
139,28,(same as above),Knowledge Graph Completion (KGC) is proposed to find missing facts using the existing facts and/or external resources . KGC methods use KG embedding (KGE) techniques to encode the KG entities and relations into a vector space with their semantics like neighborhood graph patterns concerned . We call them structure-based methods,,,,
140,28,(same as above),Knowledge Graphs (KGs) are collections of real-world factual knowledge represented as RDF triples. KGs often suffer from incompleteness with a high ratio of plausible facts missing. Knowledge Graph Completion (KGC) is then proposed to find these missing facts using the existing facts and/or external resources.,,,,
141,29,"The word spider derives from Proto-Germanic *spin-þron-, literally 'spinner' (a reference to how spiders make their webs), from the Proto-Indo-European root *(s)pen- 'to draw, stretch, spin'. Spiders are chelicerates and therefore, arthropods. As arthropods, they have: segmented bodies with jointed limbs, all covered in a cuticle made of chitin and proteins; heads that are composed of several segments that fuse during the development of the embryo. Being chelicerates, their bodies consist of two tagmata, sets of segments that serve similar functions: the foremost one, called the cephalothorax or prosoma, is a complete fusion of the segments that in an insect would form two separate tagmata, the head and thorax; the rear tagma is called the abdomen or opisthosoma. In spiders, the cephalothorax and abdomen are connected by a small cylindrical section, the pedicel. The pattern of segment fusion that forms chelicerates' heads is unique among arthropods, and what would normally be the first head segment disappears at an early stage of development, so that chelicerates lack the antennae typical of most arthropods. In fact, chelicerates' only appendages ahead of the mouth are a pair of chelicerae, and they lack anything that would function directly as ""jaws"". The first appendages behind the mouth are called pedipalps, and serve different functions within different groups of chelicerates. Spiders and scorpions are members of one chelicerate group, the arachnids. Scorpions' chelicerae have three sections and are used in feeding. Spiders' chelicerae have two sections and terminate in fangs that are generally venomous, and fold away behind the upper sections while not in use. The upper sections generally have thick ""beards"" that filter solid lumps out of their food, as spiders can take only liquid food. Scorpions' pedipalps generally form large claws for capturing prey, while those of spiders are fairly small appendages whose bases also act as an extension of the mouth; in addition, those of male spiders have enlarged last sections used for sperm transfer. In spiders, the cephalothorax and abdomen are joined by a small, cylindrical pedicel, which enables the abdomen to move independently when producing silk. The upper surface of the cephalothorax is covered by a single, convex carapace, while the underside is covered by two rather flat plates. The abdomen is soft and egg-shaped. It shows no sign of segmentation, except that the primitive Mesothelae, whose living members are the Liphistiidae, have segmented plates on the upper surface. Like other arthropods, spiders are coelomates in which the coelom is reduced to small areas around the reproductive and excretory systems. Its place is largely taken by a hemocoel, a cavity that runs most of the length of the body and through which blood flows. The heart is a tube in the upper part of the body, with a few ostia that act as non-return valves allowing blood to enter the heart from the hemocoel but prevent it from leaving before it reaches the front end. However, in spiders, it occupies only the upper part of the abdomen, and blood is discharged into the hemocoel by one artery that opens at the rear end of the abdomen and by branching arteries that pass through the pedicle and open into several parts of the cephalothorax. Hence spiders have open circulatory systems. The blood of many spiders that have book lungs contains the respiratory pigment hemocyanin to make oxygen transport more efficient. Spiders have developed several different respiratory anatomies, based on book lungs, a tracheal system, or both. Mygalomorph and Mesothelae spiders have two pairs of book lungs filled with haemolymph, where openings on the ventral surface of the abdomen allow air to enter and diffuse oxygen.","The word spider derives from Proto-Germanic *spin-þron-, literally 'spinner' (a reference to how spiders make their webs), from the Proto-Indo-European root *(s)pen- 'to draw, stretch, spin' Spiders are chelicerates and therefore, arthropods.",,,,
142,29,(same as above),"As arthropods, they have: segmented bodies with jointed limbs, all covered in a cuticle made of chitin and proteins; heads that are composed of several segments that fuse during the development of the embryo. Being chelicerates, their bodies consist of two tagmata, sets of segments that serve similar functions: the foremost one, called the cephalothorax or prosoma, is a complete fusion of the segments that in an insect would form two separate tagmata, the head and thorax; the rear tagma is called the abdomen or opisthosoma. However, in spiders, it occupies only the upper part of the abdomen, and blood is discharged into the hemocoel by one artery that opens at the rear end of the abdomen and by branching arteries that pass through the pedicle and open into several parts of the cephalothorax.",,,,
143,29,(same as above),"Spiders are chelicerates and arthropods, which have segmented bodies with jointed limbs . The first appendages behind the",,,,
144,29,(same as above),"The word spider derives from Proto-Germanic *spin-þron-, literally 'spinner' (a reference to how spiders make their webs), from the Proto-Indo-European root *(s)pen- 'to draw, stretch, spin'. Spiders are chelicerates and therefore, arthropods. As arthropods, they have: segmented bodies with jointed limbs, all covered in a cuticle made of chitin and proteins; heads that are composed of several segments that fuse during the development of the embryo.",,,,
145,29,(same as above),"The word spider derives from Proto-Germanic *spin-þron-, literally 'spinner' (a reference to how spiders make their webs) Spiders are chelicerates and therefore, arthropods . Their bodies consist of two tagmata, sets of segments that serve similar functions . The pattern of segment fusion",,,,
146,30,"Machine Learning methods allow to infer relationships in datasets and replicate them, but they are often criticized for being black-box models, preventing from understanding the assumptions and discoveries of the model. Symbolic Regression (SR) aims at addressing this problem by searching the space of mathematical expressions and find an interpretable analytical model to explain a given dataset. SR originated in the field of Genetic Programming , and most state-of-the-art methods still use this approach. However, Genetic Programming algorithms tend to be computationally expensive, and deep learning methods have recently attracted attention from the SR community due of their almost instantaneous inference . Notably, the “End-to-End Symbolic Regression with Transformer” model of provides close to state-of-the-art performances (when using the accuracy metric) at virtually no extra computational time. Because of its interpretability, SR has been extensively applied in various scientific domains. A pioneer study by proposed to automatically rediscover physical laws by only providing experimental data on the position and velocity of objects. Since then, the sub-field of Symbolic Regression for Scientific Discovery (SRSD) tries to draw the line between SR seen as an exercise for Machine Learning research on one side, and its potential for automated or assisted scientific discovery on the other. As the SR community was growing, proposed SRBench, a modern, living, and unified framework to benchmark SR methods. However, although they used physically-motivated equations, point out that existing SR datasets have several important shortcomings: unrealistic sampling process, inappropriate handling of physical constants (e.g. the speed of light is sampled in the range ), lack of diversity in orders of magnitude, the systematic treatment of integer variables as continuous variables, or the fact only relevant variables are provided in the input dataset. Another problem of SR tasks lies in the lack of meaningful evaluation metrics specifically for SRSD. To tackle these issues, propose SRSD datasets based on the 120 equations from the Feynman SR datasets , meticulously reviewing and highlighting properties for each dataset, and split into three categories: 30 easy, 40 medium, and 50 hard datasets. They also propose the use of the normalized tree-based edit distance to better assess how structurally close from the ground-truth the predicted equations are. This work introduces a new Transformer model tailored for SR in the context of scientific discovery. We propose three encoder architectures and train our model using generated datasets. We then evaluate our best model on the SRSD datasets using the normalized tree edit distance. We show that our best model achieves state-of-the-art results on the SRSD datasets at almost immediate inference time. We also publish our code repository for future studies .","Machine Learning methods allow to infer relationships in datasets and replicate them, but they are often criticized for being black-box models, preventing from understanding the assumptions and discoveries of the model. Symbolic Regression (SR) aims at addressing this problem by searching the space of mathematical expressions and find an interpretable analytical model to explain a given dataset. SR originated in the field of Genetic Programming , and most state-of-the-art methods still use this approach.",,,,
147,30,(same as above),"Machine Learning methods allow to infer relationships in datasets and replicate them, but they are often criticized for being black-box models, preventing from understanding the assumptions and discoveries of the model. Symbolic Regression (SR) aims at addressing this problem by searching the space of mathematical expressions and find an interpretable analytical model to explain a given dataset. Since then, the sub-field of Symbolic Regression for Scientific Discovery (SRSD) tries to draw the line between SR seen as an exercise for Machine Learning research on one side, and its potential for automated or assisted scientific discovery on the other.",,,,
148,30,(same as above),"Symbolic Regression (SR) aims at addressing this problem by searching the space of mathematical expressions and finding an interpretable analytical model to explain a given dataset. Because of its interpretability, SR has been extensively applied in various scientific domains. We propose three encoder architectures and train our model using generated datasets. We then evaluate our best model on the SRSD datasets using the normalized tree edit distance.",,,,
149,30,(same as above),"Symbolic Regression (SR) aims to address this problem by searching the space of mathematical expressions and find an interpretable analytical model to explain a given dataset . SR originated in the field of Genetic Programming, and most state-of-the-art methods still use this approach . The “End-to-End Symbolic",,,,
150,30,(same as above),Symbolic Regression (SR) aims to address this problem by searching the space of mathematical expressions . SR originated in the field of Genetic Programming,,,,
